Dataset,Noise_Type,Noise_Rate,Method,Causality,Time
splice,instance,0.01,fci,anticausal,0:00:55.956706
splice,instance,0.01,icd,anticausal,1:36:40.344592
letter,instance,0.1,fci,anticausal,0:00:12.393203
letter,instance,0.1,icd,anticausal,0:01:52.737148
letter,instance,0.1,ccdr,unkown,0:00:07.294039
letter,pair,0.1,icd,anticausal,0:02:00.634112
letter,pair,0.1,ccdr,anticausal,0:00:07.802910
letter,sym,0.1,icd,anticausal,0:01:51.415853
letter,sym,0.1,ccdr,anticausal,0:00:07.895812
letter,instance,0.2,icd,anticausal,0:01:59.391863
letter,instance,0.2,ccdr,causal,0:00:07.793703
letter,pair,0.2,icd,anticausal,0:00:38.293734
letter,pair,0.2,ccdr,anticausal,0:00:07.229709
letter,sym,0.2,icd,anticausal,0:02:00.394548
letter,sym,0.2,ccdr,unkown,0:00:07.148541
letter,instance,0.3,icd,anticausal,0:00:08.469476
letter,instance,0.3,ccdr,causal,0:00:08.039978
letter,pair,0.3,icd,anticausal,0:01:59.404742
letter,pair,0.3,ccdr,causal,0:00:07.148411
letter,sym,0.3,icd,anticausal,0:01:55.809535
letter,sym,0.3,ccdr,anticausal,0:00:08.280420
iris,instance,0.01,pc,anticausal,
iris,instance,0.01,ges,anticausal,
iris,instance,0.01,gies,anticausal,
iris,instance,0.01,lingam,unkown,
iris,pair,0.01,pc,anticausal,
iris,pair,0.01,ges,anticausal,
iris,pair,0.01,gies,anticausal,
iris,pair,0.01,lingam,unkown,
iris,sym,0.01,pc,anticausal,
iris,sym,0.01,ges,anticausal,
iris,sym,0.01,gies,anticausal,
iris,sym,0.01,lingam,unkown,
iris,instance,0.2,pc,anticausal,
iris,instance,0.2,ges,causal,
iris,instance,0.2,gies,causal,
iris,instance,0.2,lingam,unkown,
iris,pair,0.2,pc,unkown,
iris,pair,0.2,ges,causal,
iris,pair,0.2,gies,causal,
iris,pair,0.2,lingam,unkown,
iris,sym,0.2,pc,causal,
iris,sym,0.2,ges,causal,
iris,sym,0.2,gies,causal,
iris,sym,0.2,lingam,unkown,
iris,instance,0.4,pc,unkown,
iris,instance,0.4,ges,causal,
iris,instance,0.4,gies,causal,
iris,instance,0.4,lingam,unkown,
iris,pair,0.4,pc,anticausal,
iris,pair,0.4,ges,causal,
iris,pair,0.4,gies,causal,
iris,pair,0.4,lingam,unkown,
iris,sym,0.4,pc,unkown,
iris,sym,0.4,ges,causal,
iris,sym,0.4,gies,causal,
iris,sym,0.4,lingam,unkown,
krkp,instance,0.01,pc,anticausal,
krkp,instance,0.01,ges,anticausal,
krkp,instance,0.01,gies,anticausal,
krkp,instance,0.01,lingam,unkown,
krkp,pair,0.01,pc,causal,
krkp,pair,0.01,ges,anticausal,
krkp,pair,0.01,gies,anticausal,
krkp,pair,0.01,lingam,unkown,
krkp,sym,0.01,pc,causal,
krkp,sym,0.01,ges,anticausal,
krkp,sym,0.01,gies,anticausal,
krkp,sym,0.01,lingam,unkown,
krkp,instance,0.2,pc,anticausal,
krkp,instance,0.2,ges,anticausal,
krkp,instance,0.2,gies,anticausal,
krkp,instance,0.2,lingam,unkown,
krkp,pair,0.2,pc,anticausal,
krkp,pair,0.2,ges,anticausal,
krkp,pair,0.2,gies,anticausal,
krkp,pair,0.2,lingam,unkown,
krkp,sym,0.2,pc,anticausal,
krkp,sym,0.2,ges,anticausal,
krkp,sym,0.2,gies,anticausal,
krkp,sym,0.2,lingam,unkown,
krkp,instance,0.4,pc,anticausal,
krkp,instance,0.4,ges,causal,
krkp,instance,0.4,gies,causal,
krkp,instance,0.4,lingam,unkown,
krkp,pair,0.4,pc,anticausal,
krkp,pair,0.4,ges,anticausal,
krkp,pair,0.4,gies,anticausal,
krkp,pair,0.4,lingam,unkown,
krkp,sym,0.4,pc,anticausal,
krkp,sym,0.4,ges,anticausal,
krkp,sym,0.4,gies,anticausal,
krkp,sym,0.4,lingam,unkown,
mushroom,instance,0.01,pc,causal,
mushroom,instance,0.01,ges,anticausal,
mushroom,instance,0.01,gies,anticausal,
mushroom,pair,0.01,pc,causal,
mushroom,pair,0.01,ges,anticausal,
mushroom,pair,0.01,gies,anticausal,
mushroom,sym,0.01,pc,causal,
mushroom,sym,0.01,ges,anticausal,
mushroom,sym,0.01,gies,anticausal,
mushroom,instance,0.2,pc,anticausal,
mushroom,instance,0.2,ges,anticausal,
mushroom,instance,0.2,gies,anticausal,
mushroom,pair,0.2,pc,anticausal,
mushroom,pair,0.2,ges,anticausal,
mushroom,pair,0.2,gies,anticausal,
mushroom,sym,0.2,pc,anticausal,
mushroom,sym,0.2,ges,anticausal,
mushroom,sym,0.2,gies,anticausal,
mushroom,instance,0.4,pc,unkown,
mushroom,instance,0.4,ges,anticausal,
mushroom,instance,0.4,gies,anticausal,
mushroom,pair,0.4,pc,anticausal,
mushroom,pair,0.4,ges,anticausal,
mushroom,pair,0.4,gies,anticausal,
mushroom,sym,0.4,pc,anticausal,
mushroom,sym,0.4,ges,anticausal,
mushroom,sym,0.4,gies,anticausal,
splice,instance,0.01,pc,anticausal,
splice,instance,0.01,ges,anticausal,
splice,instance,0.01,gies,anticausal,
splice,instance,0.01,lingam,unkown,
splice,pair,0.01,pc,anticausal,
splice,pair,0.01,ges,anticausal,
splice,pair,0.01,gies,anticausal,
splice,pair,0.01,lingam,unkown,
splice,sym,0.01,pc,anticausal,
splice,sym,0.01,ges,anticausal,
splice,sym,0.01,gies,anticausal,
splice,sym,0.01,lingam,unkown,
splice,instance,0.2,pc,anticausal,
splice,instance,0.2,ges,anticausal,
splice,instance,0.2,gies,anticausal,
splice,instance,0.2,lingam,unkown,
splice,pair,0.2,pc,anticausal,
splice,pair,0.2,ges,anticausal,
splice,pair,0.2,gies,anticausal,
splice,pair,0.2,lingam,unkown,
splice,sym,0.2,pc,anticausal,
splice,sym,0.2,ges,anticausal,
splice,sym,0.2,gies,anticausal,
splice,sym,0.2,lingam,unkown,
splice,instance,0.4,pc,anticausal,
splice,instance,0.4,ges,anticausal,
splice,instance,0.4,gies,anticausal,
splice,instance,0.4,lingam,unkown,
splice,pair,0.4,pc,anticausal,
splice,pair,0.4,ges,anticausal,
splice,pair,0.4,gies,anticausal,
splice,pair,0.4,lingam,unkown,
splice,sym,0.4,pc,anticausal,
splice,sym,0.4,ges,anticausal,
splice,sym,0.4,gies,anticausal,
splice,sym,0.4,lingam,unkown,
waveform,instance,0.01,pc,anticausal,
waveform,instance,0.01,ges,causal,
waveform,instance,0.01,gies,causal,
waveform,instance,0.01,lingam,unkown,
waveform,pair,0.01,pc,anticausal,
waveform,pair,0.01,ges,anticausal,
waveform,pair,0.01,gies,anticausal,
waveform,pair,0.01,lingam,unkown,
waveform,sym,0.01,pc,anticausal,
waveform,sym,0.01,ges,anticausal,
waveform,sym,0.01,gies,anticausal,
waveform,sym,0.01,lingam,unkown,
waveform,instance,0.2,pc,anticausal,
waveform,instance,0.2,ges,causal,
waveform,instance,0.2,gies,causal,
waveform,instance,0.2,lingam,unkown,
waveform,pair,0.2,pc,anticausal,
waveform,pair,0.2,ges,causal,
waveform,pair,0.2,gies,causal,
waveform,pair,0.2,lingam,unkown,
waveform,sym,0.2,pc,anticausal,
waveform,sym,0.2,ges,anticausal,
waveform,sym,0.2,gies,anticausal,
waveform,sym,0.2,lingam,unkown,
waveform,instance,0.4,pc,anticausal,
waveform,instance,0.4,ges,causal,
waveform,instance,0.4,gies,causal,
waveform,instance,0.4,lingam,unkown,
waveform,pair,0.4,pc,anticausal,
waveform,pair,0.4,ges,causal,
waveform,pair,0.4,gies,causal,
waveform,pair,0.4,lingam,unkown,
waveform,sym,0.4,pc,anticausal,
waveform,sym,0.4,ges,causal,
waveform,sym,0.4,gies,causal,
waveform,sym,0.4,lingam,unkown,
secstr,instance,0.01,pc,anticausal,
secstr,instance,0.01,ges,anticausal,
secstr,instance,0.01,gies,anticausal,
secstr,instance,0.01,lingam,unkown,
secstr,pair,0.01,pc,anticausal,
secstr,pair,0.01,ges,anticausal,
secstr,pair,0.01,gies,anticausal,
secstr,pair,0.01,lingam,unkown,
secstr,sym,0.01,pc,anticausal,
secstr,sym,0.01,ges,anticausal,
secstr,sym,0.01,gies,anticausal,
secstr,sym,0.01,lingam,unkown,
secstr,instance,0.2,pc,anticausal,
secstr,instance,0.2,ges,causal,
secstr,instance,0.2,gies,causal,
secstr,instance,0.2,lingam,unkown,
secstr,pair,0.2,pc,anticausal,
secstr,pair,0.2,ges,anticausal,
secstr,pair,0.2,gies,anticausal,
secstr,pair,0.2,lingam,unkown,
secstr,sym,0.2,pc,anticausal,
secstr,sym,0.2,ges,anticausal,
secstr,sym,0.2,gies,anticausal,
secstr,sym,0.2,lingam,unkown,
secstr,instance,0.4,pc,anticausal,
secstr,instance,0.4,ges,anticausal,
secstr,instance,0.4,gies,anticausal,
secstr,instance,0.4,lingam,unkown,
secstr,pair,0.4,pc,anticausal,
secstr,pair,0.4,ges,causal,
secstr,pair,0.4,gies,causal,
secstr,pair,0.4,lingam,unkown,
secstr,sym,0.4,pc,anticausal,
secstr,sym,0.4,ges,causal,
secstr,sym,0.4,gies,causal,
secstr,sym,0.4,lingam,unkown,
letter,instance,0.01,pc,anticausal,
letter,instance,0.01,ges,anticausal,
letter,instance,0.01,gies,anticausal,
letter,instance,0.01,lingam,unkown,
letter,instance,0.01,cam,anticausal,
letter,pair,0.01,pc,causal,
letter,pair,0.01,ges,anticausal,
letter,pair,0.01,gies,anticausal,
letter,pair,0.01,lingam,unkown,
letter,pair,0.01,cam,anticausal,
letter,sym,0.01,pc,anticausal,
letter,sym,0.01,ges,anticausal,
letter,sym,0.01,gies,anticausal,
letter,sym,0.01,lingam,unkown,
letter,sym,0.01,cam,anticausal,
letter,instance,0.2,pc,anticausal,
letter,instance,0.2,ges,anticausal,
letter,instance,0.2,gies,anticausal,
letter,instance,0.2,lingam,unkown,
letter,instance,0.2,cam,anticausal,
letter,pair,0.2,pc,anticausal,
letter,pair,0.2,ges,anticausal,
letter,pair,0.2,gies,anticausal,
letter,pair,0.2,lingam,unkown,
letter,pair,0.2,cam,anticausal,
letter,sym,0.2,pc,anticausal,
letter,sym,0.2,ges,anticausal,
letter,sym,0.2,gies,anticausal,
letter,sym,0.2,lingam,unkown,
letter,sym,0.2,cam,anticausal,
letter,instance,0.4,pc,anticausal,
letter,instance,0.4,ges,anticausal,
letter,instance,0.4,gies,anticausal,
letter,instance,0.4,lingam,unkown,
letter,instance,0.4,cam,anticausal,
letter,pair,0.4,pc,causal,
letter,pair,0.4,ges,anticausal,
letter,pair,0.4,gies,anticausal,
letter,pair,0.4,lingam,unkown,
letter,pair,0.4,cam,anticausal,
letter,sym,0.4,pc,anticausal,
letter,sym,0.4,ges,anticausal,
letter,sym,0.4,gies,anticausal,
letter,sym,0.4,lingam,unkown,
letter,sym,0.4,cam,anticausal,
segment,instance,0.01,pc,anticausal,
segment,instance,0.01,ges,anticausal,
segment,instance,0.01,gies,anticausal,
segment,pair,0.01,pc,anticausal,
segment,pair,0.01,ges,anticausal,
segment,pair,0.01,gies,anticausal,
segment,instance,0.2,pc,anticausal,
segment,instance,0.2,ges,anticausal,
segment,instance,0.2,gies,anticausal,
segment,pair,0.2,pc,anticausal,
segment,pair,0.2,ges,anticausal,
segment,pair,0.2,gies,anticausal,
segment,sym,0.2,pc,anticausal,
segment,sym,0.2,ges,anticausal,
segment,sym,0.2,gies,anticausal,
segment,instance,0.4,pc,anticausal,
segment,instance,0.4,ges,anticausal,
segment,instance,0.4,gies,anticausal,
segment,pair,0.4,pc,anticausal,
segment,pair,0.4,ges,anticausal,
segment,pair,0.4,gies,anticausal,
segment,sym,0.4,pc,anticausal,
segment,sym,0.4,ges,anticausal,
segment,sym,0.4,gies,anticausal,
breastcancer,instance,0.01,pc,anticausal,
breastcancer,instance,0.01,ges,anticausal,
breastcancer,instance,0.01,gies,anticausal,
breastcancer,instance,0.01,lingam,unkown,
breastcancer,pair,0.01,pc,anticausal,
breastcancer,pair,0.01,ges,anticausal,
breastcancer,pair,0.01,gies,anticausal,
breastcancer,pair,0.01,lingam,unkown,
breastcancer,sym,0.01,pc,anticausal,
breastcancer,sym,0.01,ges,anticausal,
breastcancer,sym,0.01,gies,anticausal,
breastcancer,sym,0.01,lingam,unkown,
breastcancer,instance,0.2,pc,anticausal,
breastcancer,instance,0.2,ges,anticausal,
breastcancer,instance,0.2,gies,anticausal,
breastcancer,instance,0.2,lingam,unkown,
breastcancer,pair,0.2,pc,anticausal,
breastcancer,pair,0.2,ges,anticausal,
breastcancer,pair,0.2,gies,anticausal,
breastcancer,pair,0.2,lingam,unkown,
breastcancer,sym,0.2,pc,anticausal,
breastcancer,sym,0.2,ges,anticausal,
breastcancer,sym,0.2,gies,anticausal,
breastcancer,sym,0.2,lingam,unkown,
breastcancer,instance,0.4,pc,unkown,
breastcancer,instance,0.4,ges,unkown,
breastcancer,instance,0.4,gies,unkown,
breastcancer,instance,0.4,lingam,unkown,
breastcancer,pair,0.4,pc,unkown,
breastcancer,pair,0.4,ges,anticausal,
breastcancer,pair,0.4,gies,anticausal,
breastcancer,pair,0.4,lingam,unkown,
breastcancer,sym,0.4,pc,unkown,
breastcancer,sym,0.4,ges,anticausal,
breastcancer,sym,0.4,gies,anticausal,
breastcancer,sym,0.4,lingam,unkown,
g241c,instance,0.01,pc,anticausal,
g241c,instance,0.01,ges,anticausal,
g241c,instance,0.01,gies,anticausal,
g241c,instance,0.01,lingam,unkown,
g241c,pair,0.01,pc,anticausal,
g241c,pair,0.01,ges,anticausal,
g241c,pair,0.01,gies,anticausal,
g241c,pair,0.01,lingam,unkown,
g241c,sym,0.01,pc,anticausal,
g241c,sym,0.01,ges,anticausal,
g241c,sym,0.01,gies,anticausal,
g241c,sym,0.01,lingam,unkown,
g241c,instance,0.2,pc,unkown,
g241c,instance,0.2,ges,anticausal,
g241c,instance,0.2,gies,anticausal,
g241c,instance,0.2,lingam,unkown,
g241c,pair,0.2,pc,anticausal,
g241c,pair,0.2,ges,anticausal,
g241c,pair,0.2,gies,anticausal,
g241c,pair,0.2,lingam,unkown,
g241c,sym,0.2,pc,anticausal,
g241c,sym,0.2,ges,causal,
g241c,sym,0.2,gies,causal,
g241c,sym,0.2,lingam,unkown,
g241c,instance,0.4,pc,anticausal,
g241c,instance,0.4,ges,anticausal,
g241c,instance,0.4,gies,anticausal,
g241c,instance,0.4,lingam,unkown,
g241c,pair,0.4,pc,anticausal,
g241c,pair,0.4,ges,anticausal,
g241c,pair,0.4,gies,anticausal,
g241c,pair,0.4,lingam,unkown,
g241c,sym,0.4,pc,anticausal,
g241c,sym,0.4,ges,anticausal,
g241c,sym,0.4,gies,anticausal,
g241c,sym,0.4,lingam,unkown,
wdbc,instance,0.01,pc,anticausal,
wdbc,instance,0.01,ges,causal,
wdbc,instance,0.01,gies,causal,
wdbc,instance,0.01,lingam,unkown,
wdbc,pair,0.01,pc,anticausal,
wdbc,pair,0.01,ges,anticausal,
wdbc,pair,0.01,gies,anticausal,
wdbc,pair,0.01,lingam,unkown,
wdbc,sym,0.01,pc,anticausal,
wdbc,sym,0.01,ges,anticausal,
wdbc,sym,0.01,gies,anticausal,
wdbc,sym,0.01,lingam,unkown,
wdbc,instance,0.1,pc,anticausal,
wdbc,instance,0.1,ges,causal,
wdbc,instance,0.1,gies,causal,
wdbc,instance,0.1,lingam,unkown,
wdbc,pair,0.1,pc,anticausal,
wdbc,pair,0.1,ges,anticausal,
wdbc,pair,0.1,gies,anticausal,
wdbc,pair,0.1,lingam,unkown,
wdbc,sym,0.1,pc,anticausal,
wdbc,sym,0.1,ges,anticausal,
wdbc,sym,0.1,gies,anticausal,
wdbc,sym,0.1,lingam,unkown,
wdbc,instance,0.2,pc,anticausal,
wdbc,instance,0.2,ges,causal,
wdbc,instance,0.2,gies,causal,
wdbc,instance,0.2,lingam,unkown,
wdbc,pair,0.2,pc,unkown,
wdbc,pair,0.2,ges,causal,
wdbc,pair,0.2,gies,causal,
wdbc,pair,0.2,lingam,unkown,
wdbc,sym,0.2,pc,unkown,
wdbc,sym,0.2,ges,causal,
wdbc,sym,0.2,gies,causal,
wdbc,sym,0.2,lingam,unkown,
wdbc,instance,0.3,pc,unkown,
wdbc,instance,0.3,ges,causal,
wdbc,instance,0.3,gies,causal,
wdbc,instance,0.3,lingam,unkown,
wdbc,pair,0.3,pc,unkown,
wdbc,pair,0.3,ges,causal,
wdbc,pair,0.3,gies,causal,
wdbc,pair,0.3,lingam,unkown,
wdbc,sym,0.3,pc,unkown,
wdbc,sym,0.3,ges,causal,
wdbc,sym,0.3,gies,causal,
wdbc,sym,0.3,lingam,unkown,
coil,instance,0.01,pc,causal,
coil,instance,0.01,ges,anticausal,
coil,instance,0.01,gies,anticausal,
coil,instance,0.01,lingam,unkown,
coil,pair,0.01,pc,unkown,
coil,pair,0.01,ges,anticausal,
usps,instance,0.01,pc,causal,
usps,instance,0.01,ges,causal,
usps,instance,0.01,gies,causal,
usps,instance,0.01,lingam,unkown,
usps,pair,0.01,pc,causal,
usps,pair,0.01,ges,anticausal,
usps,pair,0.01,gies,anticausal,
usps,pair,0.01,lingam,unkown,
usps,sym,0.01,pc,causal,
usps,sym,0.01,ges,anticausal,
usps,sym,0.01,gies,anticausal,
usps,sym,0.01,lingam,unkown,
usps,instance,0.1,pc,unkown,
usps,instance,0.1,ges,anticausal,
usps,instance,0.1,gies,anticausal,
usps,instance,0.1,lingam,unkown,
usps,pair,0.1,pc,causal,
usps,pair,0.1,ges,causal,
usps,pair,0.1,gies,causal,
usps,pair,0.1,lingam,unkown,
usps,sym,0.1,pc,causal,
usps,sym,0.1,ges,causal,
usps,sym,0.1,gies,causal,
usps,sym,0.1,lingam,unkown,
usps,instance,0.2,pc,unkown,
usps,instance,0.2,ges,causal,
usps,instance,0.2,gies,causal,
usps,instance,0.2,lingam,unkown,
usps,pair,0.2,pc,anticausal,
usps,pair,0.2,ges,anticausal,
usps,pair,0.2,gies,anticausal,
usps,pair,0.2,lingam,unkown,
usps,sym,0.2,pc,anticausal,
usps,sym,0.2,ges,anticausal,
usps,sym,0.2,gies,anticausal,
usps,sym,0.2,lingam,unkown,
usps,instance,0.3,pc,unkown,
usps,instance,0.3,ges,anticausal,
usps,instance,0.3,gies,anticausal,
usps,instance,0.3,lingam,unkown,
usps,pair,0.3,pc,unkown,
usps,pair,0.3,ges,causal,
usps,pair,0.3,gies,causal,
usps,pair,0.3,lingam,unkown,
usps,sym,0.3,pc,unkown,
usps,sym,0.3,ges,causal,
usps,sym,0.3,gies,causal,
usps,sym,0.3,lingam,unkown,
iris,instance,0.1,pc,unkown,
iris,instance,0.1,ges,causal,
iris,instance,0.1,gies,causal,
iris,instance,0.1,lingam,unkown,
iris,pair,0.1,pc,anticausal,
iris,pair,0.1,ges,causal,
iris,pair,0.1,gies,causal,
iris,pair,0.1,lingam,unkown,
iris,sym,0.1,pc,anticausal,
iris,sym,0.1,ges,causal,
iris,sym,0.1,gies,causal,
iris,sym,0.1,lingam,unkown,
iris,instance,0.3,pc,unkown,
iris,instance,0.3,ges,causal,
iris,instance,0.3,gies,causal,
iris,instance,0.3,lingam,unkown,
iris,pair,0.3,pc,unkown,
iris,pair,0.3,ges,causal,
iris,pair,0.3,gies,causal,
iris,pair,0.3,lingam,unkown,
iris,sym,0.3,pc,unkown,
iris,sym,0.3,ges,causal,
iris,sym,0.3,gies,causal,
iris,sym,0.3,lingam,unkown,
krkp,instance,0.1,pc,anticausal,
krkp,instance,0.1,ges,anticausal,
krkp,instance,0.1,gies,anticausal,
krkp,instance,0.1,lingam,unkown,
krkp,pair,0.1,pc,causal,
krkp,pair,0.1,ges,anticausal,
krkp,pair,0.1,gies,anticausal,
krkp,pair,0.1,lingam,unkown,
krkp,sym,0.1,pc,causal,
krkp,sym,0.1,ges,anticausal,
krkp,sym,0.1,gies,anticausal,
krkp,sym,0.1,lingam,unkown,
krkp,instance,0.3,pc,anticausal,
krkp,instance,0.3,ges,anticausal,
krkp,instance,0.3,gies,anticausal,
krkp,instance,0.3,lingam,unkown,
krkp,pair,0.3,pc,anticausal,
krkp,pair,0.3,ges,anticausal,
krkp,pair,0.3,gies,anticausal,
krkp,pair,0.3,lingam,unkown,
krkp,sym,0.3,pc,anticausal,
krkp,sym,0.3,ges,anticausal,
krkp,sym,0.3,gies,anticausal,
krkp,sym,0.3,lingam,unkown,
mushroom,instance,0.1,pc,anticausal,
mushroom,instance,0.1,ges,anticausal,
mushroom,instance,0.1,gies,anticausal,
mushroom,pair,0.1,pc,anticausal,
mushroom,pair,0.1,ges,anticausal,
mushroom,pair,0.1,gies,anticausal,
mushroom,sym,0.1,pc,anticausal,
mushroom,sym,0.1,ges,anticausal,
mushroom,sym,0.1,gies,anticausal,
mushroom,instance,0.3,pc,anticausal,
mushroom,instance,0.3,ges,anticausal,
mushroom,instance,0.3,gies,anticausal,
mushroom,pair,0.3,pc,anticausal,
mushroom,pair,0.3,ges,anticausal,
mushroom,pair,0.3,gies,anticausal,
mushroom,sym,0.3,pc,anticausal,
mushroom,sym,0.3,ges,anticausal,
mushroom,sym,0.3,gies,anticausal,
splice,instance,0.1,pc,anticausal,
splice,instance,0.1,ges,anticausal,
splice,instance,0.1,gies,anticausal,
splice,instance,0.1,lingam,unkown,
splice,pair,0.1,pc,anticausal,
splice,pair,0.1,ges,anticausal,
splice,pair,0.1,gies,anticausal,
splice,pair,0.1,lingam,unkown,
splice,sym,0.1,pc,anticausal,
splice,sym,0.1,ges,anticausal,
splice,sym,0.1,gies,anticausal,
splice,sym,0.1,lingam,unkown,
splice,instance,0.3,pc,anticausal,
splice,instance,0.3,ges,anticausal,
splice,instance,0.3,gies,anticausal,
splice,instance,0.3,lingam,unkown,
splice,pair,0.3,pc,anticausal,
splice,pair,0.3,ges,anticausal,
splice,pair,0.3,gies,anticausal,
splice,pair,0.3,lingam,unkown,
splice,sym,0.3,pc,anticausal,
splice,sym,0.3,ges,anticausal,
splice,sym,0.3,gies,anticausal,
splice,sym,0.3,lingam,unkown,
waveform,instance,0.1,pc,anticausal,
waveform,instance,0.1,ges,causal,
waveform,instance,0.1,gies,causal,
waveform,instance,0.1,lingam,unkown,
waveform,pair,0.1,pc,anticausal,
waveform,pair,0.1,ges,causal,
waveform,pair,0.1,gies,causal,
waveform,pair,0.1,lingam,unkown,
waveform,sym,0.1,pc,anticausal,
waveform,sym,0.1,ges,causal,
waveform,sym,0.1,gies,causal,
waveform,sym,0.1,lingam,unkown,
waveform,instance,0.3,pc,anticausal,
waveform,instance,0.3,ges,causal,
waveform,instance,0.3,gies,causal,
waveform,instance,0.3,lingam,unkown,
waveform,pair,0.3,pc,anticausal,
waveform,pair,0.3,ges,causal,
waveform,pair,0.3,gies,causal,
waveform,pair,0.3,lingam,unkown,
waveform,sym,0.3,pc,anticausal,
waveform,sym,0.3,ges,causal,
waveform,sym,0.3,gies,causal,
waveform,sym,0.3,lingam,unkown,
secstr,instance,0.1,pc,anticausal,
secstr,instance,0.1,ges,anticausal,
secstr,instance,0.1,gies,anticausal,
secstr,instance,0.1,lingam,unkown,
secstr,pair,0.1,pc,anticausal,
secstr,pair,0.1,ges,anticausal,
secstr,pair,0.1,gies,anticausal,
secstr,pair,0.1,lingam,unkown,
secstr,sym,0.1,pc,anticausal,
secstr,sym,0.1,ges,anticausal,
secstr,sym,0.1,gies,anticausal,
secstr,sym,0.1,lingam,unkown,
secstr,instance,0.3,pc,anticausal,
secstr,instance,0.3,ges,causal,
secstr,instance,0.3,gies,causal,
secstr,instance,0.3,lingam,unkown,
secstr,pair,0.3,pc,anticausal,
secstr,pair,0.3,ges,anticausal,
secstr,pair,0.3,gies,anticausal,
secstr,pair,0.3,lingam,unkown,
secstr,sym,0.3,pc,anticausal,
secstr,sym,0.3,ges,anticausal,
secstr,sym,0.3,gies,anticausal,
secstr,sym,0.3,lingam,unkown,
letter,instance,0.1,pc,anticausal,
letter,instance,0.1,ges,anticausal,
letter,instance,0.1,gies,anticausal,
letter,instance,0.1,lingam,unkown,
letter,pair,0.1,pc,anticausal,
letter,pair,0.1,ges,anticausal,
letter,pair,0.1,gies,anticausal,
letter,pair,0.1,lingam,unkown,
letter,sym,0.1,pc,anticausal,
letter,sym,0.1,ges,anticausal,
letter,sym,0.1,gies,anticausal,
letter,sym,0.1,lingam,unkown,
letter,instance,0.3,pc,anticausal,
letter,instance,0.3,ges,anticausal,
letter,instance,0.3,gies,anticausal,
letter,instance,0.3,lingam,unkown,
letter,pair,0.3,pc,anticausal,
letter,pair,0.3,ges,anticausal,
letter,pair,0.3,gies,anticausal,
letter,pair,0.3,lingam,unkown,
letter,sym,0.3,pc,anticausal,
letter,sym,0.3,ges,anticausal,
letter,sym,0.3,gies,anticausal,
letter,sym,0.3,lingam,unkown,
segment,instance,0.1,pc,anticausal,
segment,instance,0.1,ges,anticausal,
segment,instance,0.1,gies,anticausal,
segment,pair,0.1,pc,anticausal,
segment,pair,0.1,ges,anticausal,
segment,pair,0.1,gies,anticausal,
segment,sym,0.1,pc,anticausal,
segment,sym,0.1,ges,anticausal,
segment,sym,0.1,gies,anticausal,
segment,instance,0.3,pc,anticausal,
segment,instance,0.3,ges,anticausal,
segment,instance,0.3,gies,anticausal,
segment,pair,0.3,pc,anticausal,
segment,pair,0.3,ges,anticausal,
segment,pair,0.3,gies,anticausal,
segment,sym,0.3,pc,anticausal,
segment,sym,0.3,ges,anticausal,
segment,sym,0.3,gies,anticausal,
g241c,instance,0.1,pc,anticausal,
g241c,instance,0.1,ges,anticausal,
g241c,instance,0.1,gies,anticausal,
g241c,instance,0.1,lingam,unkown,
g241c,pair,0.1,pc,anticausal,
g241c,pair,0.1,ges,anticausal,
g241c,pair,0.1,gies,anticausal,
g241c,pair,0.1,lingam,unkown,
g241c,sym,0.1,pc,anticausal,
g241c,sym,0.1,ges,causal,
g241c,sym,0.1,gies,causal,
g241c,sym,0.1,lingam,unkown,
g241c,instance,0.3,pc,anticausal,
g241c,instance,0.3,ges,anticausal,
g241c,instance,0.3,gies,anticausal,
g241c,instance,0.3,lingam,unkown,
g241c,pair,0.3,pc,anticausal,
g241c,pair,0.3,ges,anticausal,
g241c,pair,0.3,gies,anticausal,
g241c,pair,0.3,lingam,unkown,
g241c,sym,0.3,pc,anticausal,
g241c,sym,0.3,ges,causal,
g241c,sym,0.3,gies,causal,
iris,pair,0.02,pc,anticausal,
pair0047,pair,0.02,pc,anticausal,
pair0070,pair,0.02,pc,anticausal,
pair0070,pair,0.02,pc,anticausal,
pair0071,pair,0.02,pc,anticausal,
iris,pair,0.02,score,unkown,
iris,pair,0.02,score,unkown,
splice,instance,0.1,fci,anticausal,0:01:04.506178
splice,instance,0.1,icd,anticausal,0:00:44.027119
splice,pair,0.1,fci,anticausal,0:00:40.633673
splice,pair,0.1,icd,anticausal,0:00:43.216878
splice,sym,0.1,fci,anticausal,0:00:55.741337
splice,sym,0.1,icd,anticausal,1:35:55.584023
splice,instance,0.2,fci,anticausal,0:00:41.093883
splice,instance,0.2,icd,anticausal,0:00:05.673935
splice,pair,0.2,fci,anticausal,0:00:40.316590
splice,pair,0.2,icd,anticausal,0:00:38.316092
splice,sym,0.2,fci,anticausal,0:00:38.150884
splice,sym,0.2,icd,anticausal,0:00:05.442259
splice,instance,0.3,fci,anticausal,0:00:38.404231
splice,instance,0.3,icd,anticausal,0:00:05.594091
splice,pair,0.3,fci,anticausal,0:00:40.329241
splice,pair,0.3,icd,anticausal,0:00:39.080140
splice,sym,0.3,fci,anticausal,0:00:38.910473
splice,sym,0.3,icd,anticausal,0:00:05.524122
wdbc,instance,0.1,icd,anticausal,0:05:44.360782
wdbc,instance,0.1,ccdr,causal,0:00:03.841446
wdbc,instance,0.1,fci,anticausal,0:00:12.053924
wdbc,instance,0.1,icd,anticausal,0:05:40.295275
wdbc,pair,0.1,fci,anticausal,0:00:11.292618
wdbc,pair,0.1,icd,anticausal,0:05:43.147062
wdbc,sym,0.1,fci,anticausal,0:00:11.505537
wdbc,sym,0.1,icd,anticausal,0:05:40.689941
wdbc,instance,0.2,fci,unkown,0:00:12.452061
wdbc,instance,0.2,icd,anticausal,0:05:32.231764
wdbc,pair,0.2,fci,unkown,0:00:12.543976
wdbc,pair,0.2,icd,anticausal,0:05:30.496622
wdbc,sym,0.2,fci,unkown,0:00:11.636479
wdbc,sym,0.2,icd,anticausal,0:05:31.940156
wdbc,instance,0.3,fci,unkown,0:00:12.892998
wdbc,instance,0.3,icd,unkown,0:04:51.522112
wdbc,pair,0.3,fci,unkown,0:00:11.946258
wdbc,pair,0.3,icd,anticausal,0:05:26.610546
wdbc,sym,0.3,fci,unkown,0:00:11.559938
wdbc,sym,0.3,icd,anticausal,0:05:30.989452
xyguassian,instance,0.01,fci,anticausal,0:00:00.029639
xyguassian,instance,0.01,fci,anticausal,0:00:00.030053
xyguassian,instance,0.01,icd,anticausal,0:00:00.046650
xyguassian,instance,0.01,rai,causal,0:00:01.270737
xyguassian,instance,0.01,ci,causal,0:00:01.203246
xyguassian,instance,0.01,pc,causal,0:00:08.346663
xyguassian,instance,0.01,ges,causal,0:00:03.061948
xyguassian,instance,0.01,lingam,unkown,0:00:03.525780
xyguassian,instance,0.01,fci,anticausal,0:00:00.032689
xyguassian,instance,0.01,icd,anticausal,0:00:00.040933
xyguassian,instance,0.01,rai,causal,0:00:01.262516
xyguassian,instance,0.01,ci,causal,0:00:01.180855
xyguassian,instance,0.01,pc,causal,0:00:08.352168
xyguassian,instance,0.01,ges,causal,0:00:03.066062
xyguassian,instance,0.01,lingam,unkown,0:00:03.579228
xyguassian,instance,0.01,gies,causal,0:00:03.030130
xyguassian,instance,0.01,sam,unkown,0:14:48.186951
xyguassian,instance,0.01,ccdr,causal,0:00:03.469579
xyguassian,instance,0.1,fci,anticausal,0:00:00.035864
xyguassian,instance,0.1,icd,anticausal,0:00:00.040755
xyguassian,instance,0.1,rai,causal,0:00:01.292096
xyguassian,instance,0.1,ci,causal,0:00:01.156197
xyguassian,instance,0.1,pc,causal,0:00:08.323998
xyguassian,instance,0.1,ges,causal,0:00:03.098299
xyguassian,instance,0.1,lingam,unkown,0:00:03.737428
xyguassian,instance,0.1,gies,causal,0:00:03.019828
xyguassian,instance,0.1,sam,unkown,0:14:48.342619
xyguassian,instance,0.1,ccdr,causal,0:00:03.381677
xyguassian,instance,0.2,fci,anticausal,0:00:00.034547
xyguassian,instance,0.2,icd,anticausal,0:00:00.039462
xyguassian,instance,0.2,rai,causal,0:00:01.600892
xyguassian,instance,0.2,ci,causal,0:00:01.030798
xyguassian,instance,0.2,pc,anticausal,0:00:08.106758
xyguassian,instance,0.2,ges,causal,0:00:02.943011
xyguassian,instance,0.2,lingam,unkown,0:00:03.424901
xyguassian,instance,0.2,gies,causal,0:00:02.945512
xyguassian,instance,0.2,sam,unkown,0:14:46.300942
xyguassian,instance,0.2,ccdr,causal,0:00:03.390748
xyguassian,instance,0.3,fci,anticausal,0:00:00.032813
xyguassian,instance,0.3,icd,anticausal,0:00:00.041066
xyguassian,instance,0.3,rai,anticausal,0:00:01.141405
xyguassian,instance,0.3,ci,anticausal,0:00:00.981161
xyguassian,instance,0.3,pc,anticausal,0:00:08.369237
xyguassian,instance,0.3,ges,anticausal,0:00:03.033465
xyguassian,instance,0.3,lingam,unkown,0:00:03.506635
xyguassian,instance,0.3,gies,anticausal,0:00:03.013886
xyguassian,instance,0.3,sam,unkown,0:15:11.209180
xyguassian,instance,0.3,ccdr,causal,0:00:03.351654
yxguassian,instance,0.01,fci,anticausal,0:00:00.075065
yxguassian,instance,0.01,icd,anticausal,0:00:00.109695
yxguassian,instance,0.01,rai,causal,0:00:02.316897
yxguassian,instance,0.01,ci,causal,0:00:02.199434
yxguassian,instance,0.01,pc,anticausal,0:00:08.353919
yxguassian,instance,0.01,ges,anticausal,0:00:02.976770
yxguassian,instance,0.01,lingam,unkown,0:00:05.131100
yxguassian,instance,0.01,gies,anticausal,0:00:03.078930
yxguassian,instance,0.01,sam,unkown,0:14:49.436745
yxguassian,instance,0.01,ccdr,anticausal,0:00:03.741941
yxguassian,sym,0.01,fci,anticausal,0:00:00.035666
yxguassian,sym,0.01,icd,anticausal,0:00:00.039978
yxguassian,sym,0.01,rai,causal,0:00:02.241851
yxguassian,sym,0.01,ci,causal,0:00:02.132653
yxguassian,sym,0.01,pc,anticausal,0:00:08.265062
yxguassian,sym,0.01,ges,anticausal,0:00:03.038861
yxguassian,sym,0.01,lingam,unkown,0:00:04.765391
yxguassian,sym,0.01,gies,anticausal,0:00:02.985778
yxguassian,sym,0.01,sam,unkown,0:14:48.641574
yxguassian,sym,0.01,ccdr,anticausal,0:00:03.339233
yxguassian,pair,0.01,fci,anticausal,0:00:00.035031
yxguassian,pair,0.01,icd,anticausal,0:00:00.040155
yxguassian,pair,0.01,rai,causal,0:00:02.255113
yxguassian,pair,0.01,ci,causal,0:00:02.121183
yxguassian,pair,0.01,pc,anticausal,0:00:08.294095
yxguassian,pair,0.01,ges,anticausal,0:00:02.942620
yxguassian,pair,0.01,lingam,unkown,0:00:04.622007
yxguassian,pair,0.01,gies,anticausal,0:00:02.948810
yxguassian,instance,0.01,fci,anticausal,0:00:00.105153
yxguassian,instance,0.01,icd,anticausal,0:00:00.106339
yxguassian,instance,0.01,rai,causal,0:00:02.497947
yxguassian,instance,0.01,ci,causal,0:00:02.187439
yxguassian,instance,0.01,pc,anticausal,0:00:08.290999
yxguassian,instance,0.01,ges,anticausal,0:00:02.978758
yxguassian,instance,0.01,lingam,unkown,0:00:04.794081
yxguassian,instance,0.01,gies,anticausal,0:00:02.984116
yxguassian,instance,0.01,fci,anticausal,0:00:00.086209
yxguassian,instance,0.01,icd,anticausal,0:00:00.106891
yxguassian,instance,0.01,rai,causal,0:00:02.421392
yxguassian,instance,0.01,ci,causal,0:00:02.162424
yxguassian,instance,0.01,pc,anticausal,0:00:08.464245
yxguassian,instance,0.01,ges,anticausal,0:00:02.989562
yxguassian,instance,0.01,lingam,unkown,0:00:03.532816
yxguassian,instance,0.01,gies,anticausal,0:00:03.006193
yxguassian,instance,0.01,ccdr,anticausal,0:00:03.478586
yxguassian,sym,0.01,fci,anticausal,0:00:00.035439
yxguassian,sym,0.01,icd,anticausal,0:00:00.040337
yxguassian,sym,0.01,rai,causal,0:00:02.227878
yxguassian,sym,0.01,ci,causal,0:00:02.116856
yxguassian,sym,0.01,pc,anticausal,0:00:08.215720
yxguassian,sym,0.01,ges,anticausal,0:00:02.946523
yxguassian,sym,0.01,lingam,unkown,0:00:04.653482
yxguassian,sym,0.01,gies,anticausal,0:00:02.966282
yxguassian,sym,0.01,ccdr,anticausal,0:00:03.354462
yxguassian,pair,0.01,fci,anticausal,0:00:00.035734
yxguassian,pair,0.01,icd,anticausal,0:00:00.040108
yxguassian,pair,0.01,rai,causal,0:00:02.219394
yxguassian,pair,0.01,ci,causal,0:00:02.082360
yxguassian,pair,0.01,pc,anticausal,0:00:08.076980
yxguassian,pair,0.01,ges,anticausal,0:00:02.957598
yxguassian,pair,0.01,lingam,unkown,0:00:04.217849
yxguassian,pair,0.01,gies,anticausal,0:00:02.896083
yxguassian,pair,0.01,ccdr,anticausal,0:00:03.360267
yxguassian,instance,0.1,fci,anticausal,0:00:00.071618
yxguassian,instance,0.1,icd,anticausal,0:00:00.111652
yxguassian,instance,0.1,rai,causal,0:00:02.318714
yxguassian,instance,0.1,ci,causal,0:00:02.206622
yxguassian,instance,0.1,pc,anticausal,0:00:08.226309
yxguassian,instance,0.1,ges,anticausal,0:00:02.977186
yxguassian,instance,0.1,lingam,unkown,0:00:04.111271
yxguassian,instance,0.1,gies,anticausal,0:00:02.958812
yxguassian,instance,0.1,ccdr,anticausal,0:00:03.453460
yxguassian,sym,0.1,fci,anticausal,0:00:00.075013
yxguassian,sym,0.1,icd,anticausal,0:00:00.111354
yxguassian,sym,0.1,rai,causal,0:00:02.291683
yxguassian,sym,0.1,ci,causal,0:00:02.166117
yxguassian,sym,0.1,pc,anticausal,0:00:08.342599
yxguassian,sym,0.1,ges,anticausal,0:00:02.959393
yxguassian,sym,0.1,lingam,unkown,0:00:03.921623
yxguassian,sym,0.1,gies,anticausal,0:00:02.868203
yxguassian,sym,0.1,ccdr,anticausal,0:00:03.358460
yxguassian,pair,0.1,fci,anticausal,0:00:00.073812
yxguassian,pair,0.1,icd,anticausal,0:00:00.107018
yxguassian,pair,0.1,rai,causal,0:00:02.287150
yxguassian,pair,0.1,ci,causal,0:00:02.181986
yxguassian,pair,0.1,pc,anticausal,0:00:08.059671
yxguassian,pair,0.1,ges,anticausal,0:00:02.974201
yxguassian,pair,0.1,lingam,unkown,0:00:03.917279
yxguassian,pair,0.1,gies,anticausal,0:00:02.944863
yxguassian,pair,0.1,ccdr,anticausal,0:00:03.368260
yxguassian,instance,0.2,fci,anticausal,0:00:00.073253
yxguassian,instance,0.2,icd,anticausal,0:00:00.112751
yxguassian,instance,0.2,rai,causal,0:00:01.757444
yxguassian,instance,0.2,ci,causal,0:00:01.655788
yxguassian,instance,0.2,pc,anticausal,0:00:08.168403
yxguassian,instance,0.2,ges,anticausal,0:00:02.960785
yxguassian,instance,0.2,lingam,unkown,0:00:03.941256
yxguassian,instance,0.2,gies,anticausal,0:00:03.042351
yxguassian,instance,0.2,ccdr,anticausal,0:00:03.522745
yxguassian,sym,0.2,fci,anticausal,0:00:00.073753
yxguassian,sym,0.2,icd,anticausal,0:00:00.110257
yxguassian,sym,0.2,rai,causal,0:00:01.848482
yxguassian,sym,0.2,ci,causal,0:00:01.738409
yxguassian,sym,0.2,pc,anticausal,0:00:08.535003
yxguassian,sym,0.2,ges,anticausal,0:00:03.010656
yxguassian,sym,0.2,lingam,unkown,0:00:03.643616
yxguassian,sym,0.2,gies,anticausal,0:00:02.916875
yxguassian,sym,0.2,ccdr,anticausal,0:00:03.493839
yxguassian,pair,0.2,fci,anticausal,0:00:00.069384
yxguassian,pair,0.2,icd,anticausal,0:00:00.107542
yxguassian,pair,0.2,rai,causal,0:00:01.837802
yxguassian,pair,0.2,ci,causal,0:00:01.745389
yxguassian,pair,0.2,pc,anticausal,0:00:08.167220
yxguassian,pair,0.2,ges,anticausal,0:00:02.917946
yxguassian,pair,0.2,lingam,unkown,0:00:03.279798
yxguassian,pair,0.2,gies,anticausal,0:00:02.991252
yxguassian,pair,0.2,ccdr,anticausal,0:00:03.356219
yxguassian,instance,0.3,fci,anticausal,0:00:00.072325
yxguassian,instance,0.3,icd,anticausal,0:00:00.114060
yxguassian,instance,0.3,rai,causal,0:00:01.085038
yxguassian,instance,0.3,ci,causal,0:00:01.025969
yxguassian,instance,0.3,pc,anticausal,0:00:08.289278
yxguassian,instance,0.3,ges,anticausal,0:00:03.041118
yxguassian,instance,0.3,lingam,unkown,0:00:03.525239
yxguassian,instance,0.3,gies,anticausal,0:00:02.954166
yxguassian,instance,0.3,ccdr,causal,0:00:03.431112
yxguassian,sym,0.3,fci,anticausal,0:00:00.080053
yxguassian,sym,0.3,icd,anticausal,0:00:00.110573
yxguassian,sym,0.3,rai,causal,0:00:01.552345
yxguassian,sym,0.3,ci,causal,0:00:01.502031
yxguassian,sym,0.3,pc,anticausal,0:00:08.307756
yxguassian,sym,0.3,ges,anticausal,0:00:02.911852
yxguassian,sym,0.3,lingam,unkown,0:00:03.194077
yxguassian,sym,0.3,gies,anticausal,0:00:02.901209
yxguassian,sym,0.3,ccdr,causal,0:00:03.389972
yxguassian,pair,0.3,fci,anticausal,0:00:00.073744
yxguassian,pair,0.3,icd,anticausal,0:00:00.110473
yxguassian,pair,0.3,rai,causal,0:00:01.665500
yxguassian,pair,0.3,ci,causal,0:00:01.472011
yxguassian,pair,0.3,pc,anticausal,0:00:08.275260
yxguassian,pair,0.3,ges,anticausal,0:00:02.905970
yxguassian,pair,0.3,lingam,unkown,0:00:03.148625
yxguassian,pair,0.3,gies,anticausal,0:00:02.930396
yxguassian,pair,0.3,ccdr,causal,0:00:03.452781
krkp,instance,0.01,fci,anticausal,0:00:36.396820
krkp,instance,0.01,icd,anticausal,0:01:07.893580
krkp,instance,0.01,rai,anticausal,0:00:10.865610
krkp,instance,0.01,ci,causal,0:28:46.973144
krkp,instance,0.01,pc,anticausal,0:00:38.780954
krkp,instance,0.01,ges,anticausal,0:00:03.126424
krkp,instance,0.01,lingam,unkown,0:00:05.440585
krkp,instance,0.01,gies,anticausal,0:00:03.235171
krkp,instance,0.01,ccdr,causal,0:00:03.703517
krkp,sym,0.01,fci,anticausal,0:00:34.544526
krkp,sym,0.01,icd,anticausal,0:01:08.806904
krkp,sym,0.01,rai,anticausal,0:00:12.534869
krkp,sym,0.01,ci,anticausal,1:33:18.078568
krkp,sym,0.01,pc,causal,0:00:31.993932
krkp,sym,0.01,ges,anticausal,0:00:03.132823
krkp,sym,0.01,lingam,unkown,0:00:05.325605
krkp,sym,0.01,gies,anticausal,0:00:03.405683
krkp,sym,0.01,ccdr,causal,0:00:03.654276
krkp,pair,0.01,fci,anticausal,0:00:34.313860
krkp,pair,0.01,icd,anticausal,0:01:12.345518
krkp,pair,0.01,rai,anticausal,0:00:12.723500
krkp,pair,0.01,ci,anticausal,1:28:49.131172
krkp,pair,0.01,pc,causal,0:00:31.845580
krkp,pair,0.01,ges,anticausal,0:00:03.052087
krkp,pair,0.01,lingam,unkown,0:00:05.326848
krkp,pair,0.01,gies,anticausal,0:00:03.326442
krkp,pair,0.01,ccdr,causal,0:00:03.674570
krkp,instance,0.1,fci,anticausal,0:00:38.442887
krkp,instance,0.1,icd,anticausal,0:01:06.473384
krkp,instance,0.1,rai,anticausal,0:00:09.152776
krkp,instance,0.1,ci,causal,0:27:06.645755
krkp,instance,0.1,pc,anticausal,0:00:39.334203
krkp,instance,0.1,ges,anticausal,0:00:03.151695
krkp,instance,0.1,lingam,unkown,0:00:05.307381
krkp,instance,0.1,gies,anticausal,0:00:03.180232
krkp,instance,0.1,ccdr,causal,0:00:03.721604
krkp,sym,0.1,fci,anticausal,0:00:37.736277
krkp,sym,0.1,icd,anticausal,0:01:03.390981
krkp,sym,0.1,rai,anticausal,0:00:10.764106
krkp,sym,0.1,ci,causal,1:30:49.863917
krkp,sym,0.1,pc,causal,0:00:39.377709
krkp,sym,0.1,ges,anticausal,0:00:03.041064
krkp,sym,0.1,lingam,unkown,0:00:05.324139
krkp,sym,0.1,gies,anticausal,0:00:03.049962
krkp,sym,0.1,ccdr,causal,0:00:03.542187
krkp,pair,0.1,fci,anticausal,0:00:36.990860
krkp,pair,0.1,icd,anticausal,0:01:04.129022
krkp,pair,0.1,rai,anticausal,0:00:10.756382
krkp,pair,0.1,ci,causal,1:30:00.623359
krkp,pair,0.1,pc,causal,0:00:39.165829
krkp,pair,0.1,ges,anticausal,0:00:03.028814
krkp,pair,0.1,lingam,unkown,0:00:05.329167
krkp,pair,0.1,gies,anticausal,0:00:03.012077
krkp,pair,0.1,ccdr,causal,0:00:03.563947
krkp,instance,0.2,fci,anticausal,0:00:34.658652
krkp,instance,0.2,icd,anticausal,0:01:02.024382
krkp,instance,0.2,rai,anticausal,0:00:09.198301
krkp,instance,0.2,ci,causal,1:26:30.874387
krkp,instance,0.2,pc,anticausal,0:00:38.029399
krkp,instance,0.2,ges,anticausal,0:00:02.926135
krkp,instance,0.2,lingam,unkown,0:00:05.059124
krkp,instance,0.2,gies,anticausal,0:00:02.937189
krkp,instance,0.2,ccdr,unkown,0:00:03.624128
krkp,sym,0.2,fci,anticausal,0:00:34.089825
krkp,sym,0.2,icd,anticausal,0:01:04.673886
krkp,sym,0.2,rai,anticausal,0:00:09.571147
krkp,sym,0.2,ci,causal,1:28:10.488463
krkp,sym,0.2,pc,anticausal,0:00:36.885463
krkp,sym,0.2,ges,anticausal,0:00:03.018505
krkp,sym,0.2,lingam,unkown,0:00:05.152358
krkp,sym,0.2,gies,anticausal,0:00:03.093157
krkp,sym,0.2,ccdr,unkown,0:00:03.659745
krkp,pair,0.2,fci,anticausal,0:00:36.518187
krkp,pair,0.2,icd,anticausal,0:01:04.541446
krkp,pair,0.2,rai,anticausal,0:00:08.932851
krkp,pair,0.2,ci,causal,1:26:49.533495
krkp,pair,0.2,pc,anticausal,0:00:37.622567
krkp,pair,0.2,ges,anticausal,0:00:03.074219
krkp,pair,0.2,lingam,unkown,0:00:05.240621
krkp,pair,0.2,gies,anticausal,0:00:03.026822
krkp,pair,0.2,ccdr,unkown,0:00:03.535938
krkp,instance,0.3,fci,anticausal,0:00:37.608082
krkp,instance,0.3,icd,anticausal,0:01:02.524870
krkp,instance,0.3,rai,anticausal,0:00:12.158234
splice,instance,0.1,fci,anticausal,0:01:04.024989
splice,instance,0.1,icd,anticausal,0:00:41.454235
splice,instance,0.1,pc,anticausal,0:00:55.674668
splice,instance,0.1,ges,anticausal,0:00:03.715032
splice,instance,0.1,lingam,unkown,0:00:09.865716
splice,instance,0.1,gies,anticausal,0:00:03.612522
splice,instance,0.1,ccdr,anticausal,0:00:05.378951
splice,sym,0.1,pc,anticausal,0:03:13.583192
splice,sym,0.1,ges,anticausal,0:00:03.238957
splice,sym,0.1,lingam,unkown,0:00:10.548592
splice,sym,0.1,gies,anticausal,0:00:03.311342
splice,sym,0.1,ccdr,anticausal,0:00:05.068141
splice,pair,0.1,pc,anticausal,0:00:37.389177
splice,pair,0.1,ges,anticausal,0:00:03.189048
splice,pair,0.1,lingam,unkown,0:00:10.475657
splice,pair,0.1,gies,anticausal,0:00:03.723560
splice,pair,0.1,ccdr,anticausal,0:00:05.461943
splice,instance,0.1,ccdr,anticausal,0:00:05.409473
splice,sym,0.1,ccdr,anticausal,0:00:05.056404
splice,pair,0.1,ccdr,anticausal,0:00:05.224993
splice,instance,0.2,ccdr,anticausal,0:00:05.157189
splice,sym,0.2,ccdr,anticausal,0:00:05.506968
splice,pair,0.2,ccdr,anticausal,0:00:05.309261
splice,instance,0.3,ccdr,anticausal,0:00:05.449865
splice,sym,0.3,ccdr,anticausal,0:00:05.056401
splice,pair,0.3,ccdr,anticausal,0:00:05.351111
iris,instance,0.01,fci,anticausal,
iris,instance,0.01,fci,anticausal,
iris,sym,0.01,fci,anticausal,
iris,pair,0.01,fci,anticausal,
iris,instance,0.1,fci,unkown,
iris,sym,0.1,fci,anticausal,
iris,pair,0.1,fci,anticausal,
iris,instance,0.2,fci,anticausal,
iris,sym,0.2,fci,anticausal,
iris,pair,0.2,fci,unkown,
iris,instance,0.3,fci,unkown,
iris,sym,0.3,fci,unkown,
iris,pair,0.3,fci,unkown,
letter,instance,0.01,fci,anticausal,
letter,sym,0.01,fci,anticausal,
letter,pair,0.01,fci,anticausal,
letter,instance,0.1,fci,anticausal,
letter,sym,0.1,fci,anticausal,
letter,pair,0.1,fci,anticausal,
letter,instance,0.2,fci,anticausal,
letter,sym,0.2,fci,anticausal,
letter,pair,0.2,fci,anticausal,
letter,instance,0.3,fci,anticausal,
letter,sym,0.3,fci,anticausal,
letter,pair,0.3,fci,anticausal,
pair0070,instance,0.01,fci,anticausal,
pair0070,sym,0.01,fci,anticausal,
pair0070,pair,0.01,fci,anticausal,
pair0070,instance,0.1,fci,anticausal,
pair0070,sym,0.1,fci,anticausal,
pair0070,pair,0.1,fci,anticausal,
pair0070,instance,0.2,fci,anticausal,
pair0070,sym,0.2,fci,anticausal,
pair0070,pair,0.2,fci,anticausal,
pair0070,instance,0.3,fci,anticausal,
pair0070,sym,0.3,fci,anticausal,
pair0070,pair,0.3,fci,anticausal,
pair0071,instance,0.01,fci,anticausal,
pair0071,sym,0.01,fci,anticausal,
pair0071,pair,0.01,fci,anticausal,
pair0071,instance,0.1,fci,anticausal,
pair0071,sym,0.1,fci,anticausal,
pair0071,pair,0.1,fci,anticausal,
pair0071,instance,0.2,fci,unkown,
pair0071,sym,0.2,fci,anticausal,
pair0071,pair,0.2,fci,anticausal,
pair0071,instance,0.3,fci,unkown,
pair0071,sym,0.3,fci,unkown,
pair0071,pair,0.3,fci,unkown,
pair0047,instance,0.01,fci,anticausal,
pair0047,sym,0.01,fci,anticausal,
pair0047,pair,0.01,fci,anticausal,
pair0047,instance,0.1,fci,anticausal,
pair0047,sym,0.1,fci,unkown,
pair0047,pair,0.1,fci,unkown,
pair0047,instance,0.2,fci,anticausal,
pair0047,sym,0.2,fci,unkown,
pair0047,pair,0.2,fci,unkown,
pair0047,instance,0.3,fci,anticausal,
pair0047,sym,0.3,fci,unkown,
pair0047,pair,0.3,fci,unkown,
pair0107,instance,0.01,fci,anticausal,
pair0107,sym,0.01,fci,anticausal,
pair0107,pair,0.01,fci,anticausal,
pair0107,instance,0.1,fci,anticausal,
pair0107,sym,0.1,fci,anticausal,
pair0107,pair,0.1,fci,anticausal,
pair0107,instance,0.2,fci,anticausal,
pair0107,sym,0.2,fci,unkown,
pair0107,pair,0.2,fci,unkown,
pair0107,instance,0.3,fci,anticausal,
pair0107,sym,0.3,fci,unkown,
pair0107,pair,0.3,fci,unkown,
pair0070,instance,0.01,icd,anticausal,
pair0070,instance,0.01,rai,unkown,
pair0070,instance,0.01,ci,unkown,
pair0070,sym,0.01,icd,anticausal,
pair0070,sym,0.01,rai,anticausal,
pair0070,sym,0.01,ci,anticausal,
pair0070,pair,0.01,icd,anticausal,
pair0070,pair,0.01,rai,anticausal,
pair0070,pair,0.01,ci,anticausal,
pair0070,instance,0.1,icd,anticausal,
pair0070,instance,0.1,rai,unkown,
pair0070,instance,0.1,ci,unkown,
pair0070,sym,0.1,icd,anticausal,
pair0070,sym,0.1,rai,unkown,
pair0070,sym,0.1,ci,unkown,
pair0070,pair,0.1,icd,anticausal,
pair0070,pair,0.1,rai,unkown,
pair0070,pair,0.1,ci,unkown,
pair0070,instance,0.2,icd,anticausal,
pair0070,instance,0.2,rai,unkown,
pair0070,instance,0.2,ci,unkown,
pair0070,sym,0.2,icd,anticausal,
pair0070,sym,0.2,rai,unkown,
pair0070,sym,0.2,ci,unkown,
pair0070,pair,0.2,icd,anticausal,
pair0070,pair,0.2,rai,unkown,
pair0070,pair,0.2,ci,unkown,
pair0070,instance,0.3,icd,anticausal,
pair0070,instance,0.3,rai,unkown,
pair0070,instance,0.3,ci,unkown,
pair0070,sym,0.3,icd,anticausal,
pair0070,sym,0.3,rai,unkown,
pair0070,sym,0.3,ci,unkown,
pair0070,pair,0.3,icd,anticausal,
pair0070,pair,0.3,rai,unkown,
pair0070,pair,0.3,ci,unkown,
pair0071,instance,0.01,icd,anticausal,
pair0071,instance,0.01,rai,anticausal,
pair0071,instance,0.01,ci,anticausal,
pair0071,sym,0.01,icd,anticausal,
pair0071,sym,0.01,rai,anticausal,
pair0071,sym,0.01,ci,anticausal,
pair0071,pair,0.01,icd,anticausal,
pair0071,pair,0.01,rai,anticausal,
pair0071,pair,0.01,ci,anticausal,
pair0071,instance,0.1,icd,anticausal,
pair0071,instance,0.1,rai,anticausal,
pair0071,instance,0.1,ci,anticausal,
pair0071,sym,0.1,icd,anticausal,
pair0071,sym,0.1,rai,anticausal,
pair0071,sym,0.1,ci,anticausal,
pair0071,pair,0.1,icd,anticausal,
pair0071,pair,0.1,rai,anticausal,
pair0071,pair,0.1,ci,anticausal,
pair0071,instance,0.2,icd,anticausal,
pair0071,instance,0.2,rai,anticausal,
pair0071,instance,0.2,ci,anticausal,
pair0071,sym,0.2,icd,anticausal,
pair0071,sym,0.2,rai,anticausal,
pair0071,sym,0.2,ci,anticausal,
pair0071,pair,0.2,icd,anticausal,
pair0071,pair,0.2,rai,anticausal,
pair0071,pair,0.2,ci,anticausal,
pair0071,instance,0.3,icd,anticausal,
pair0071,instance,0.3,rai,anticausal,
pair0071,instance,0.3,ci,anticausal,
pair0071,sym,0.3,icd,unkown,
pair0071,sym,0.3,rai,anticausal,
pair0071,sym,0.3,ci,anticausal,
pair0071,pair,0.3,icd,unkown,
pair0071,pair,0.3,rai,anticausal,
pair0071,pair,0.3,ci,anticausal,
pair0047,instance,0.01,icd,anticausal,
pair0047,instance,0.01,rai,unkown,
pair0047,instance,0.01,ci,unkown,
pair0047,sym,0.01,icd,anticausal,
pair0047,sym,0.01,rai,unkown,
pair0047,sym,0.01,ci,unkown,
pair0047,pair,0.01,icd,anticausal,
pair0047,pair,0.01,rai,unkown,
pair0047,pair,0.01,ci,unkown,
pair0047,instance,0.1,icd,anticausal,
pair0047,instance,0.1,rai,unkown,
pair0047,instance,0.1,ci,unkown,
pair0047,sym,0.1,icd,unkown,
pair0047,sym,0.1,rai,unkown,
pair0047,sym,0.1,ci,unkown,
pair0047,pair,0.1,icd,unkown,
pair0047,pair,0.1,rai,unkown,
pair0047,pair,0.1,ci,unkown,
pair0047,instance,0.2,icd,anticausal,
pair0047,instance,0.2,rai,unkown,
pair0047,instance,0.2,ci,unkown,
pair0047,sym,0.2,icd,unkown,
pair0047,sym,0.2,rai,unkown,
pair0047,sym,0.2,ci,unkown,
pair0047,pair,0.2,icd,unkown,
pair0047,pair,0.2,rai,unkown,
pair0047,pair,0.2,ci,unkown,
pair0047,instance,0.3,icd,anticausal,
pair0047,instance,0.3,rai,unkown,
pair0047,instance,0.3,ci,unkown,
pair0047,sym,0.3,icd,unkown,
pair0047,sym,0.3,rai,unkown,
pair0047,sym,0.3,ci,unkown,
pair0047,pair,0.3,icd,unkown,
pair0047,pair,0.3,rai,unkown,
pair0047,pair,0.3,ci,unkown,
pair0107,instance,0.01,icd,anticausal,
pair0107,instance,0.01,rai,unkown,
pair0107,instance,0.01,ci,unkown,
pair0107,sym,0.01,icd,anticausal,
pair0107,sym,0.01,rai,unkown,
pair0107,sym,0.01,ci,unkown,
pair0107,pair,0.01,icd,anticausal,
pair0107,pair,0.01,rai,unkown,
pair0107,pair,0.01,ci,unkown,
pair0107,instance,0.1,icd,anticausal,
pair0107,instance,0.1,rai,unkown,
pair0107,instance,0.1,ci,unkown,
pair0107,sym,0.1,icd,anticausal,
pair0107,sym,0.1,rai,unkown,
pair0107,sym,0.1,ci,unkown,
pair0107,pair,0.1,icd,anticausal,
pair0107,pair,0.1,rai,unkown,
pair0107,pair,0.1,ci,unkown,
pair0107,instance,0.2,icd,anticausal,
pair0107,instance,0.2,rai,unkown,
pair0107,instance,0.2,ci,unkown,
pair0107,sym,0.2,icd,unkown,
pair0107,sym,0.2,rai,unkown,
pair0107,sym,0.2,ci,unkown,
pair0107,pair,0.2,icd,unkown,
pair0107,pair,0.2,rai,unkown,
pair0107,pair,0.2,ci,unkown,
pair0107,instance,0.3,icd,anticausal,
pair0107,instance,0.3,rai,unkown,
pair0107,instance,0.3,ci,unkown,
pair0107,sym,0.3,icd,unkown,
pair0107,sym,0.3,rai,unkown,
pair0107,sym,0.3,ci,unkown,
pair0107,pair,0.3,icd,unkown,
pair0107,pair,0.3,rai,unkown,
pair0107,pair,0.3,ci,unkown,
pair0070,pair,0.04,fci,anticausal,
pair0070,pair,0.04,fci,anticausal,
pair0107,pair,0.04,fci,anticausal,
pair0107,pair,0.04,fci,anticausal,
pair0107,pair,0.04,ci,unkown,
iris,instance,0.01,ccdr,anticausal,0:00:02.425993
krkp,instance,0.01,ccdr,causal,0:00:04.164438
splice,instance,0.01,ccdr,anticausal,0:00:04.655389
secstr,instance,0.01,ccdr,causal,0:00:15.843071
letter,instance,0.01,ccdr,unkown,0:00:06.606137
g241c,instance,0.01,ccdr,anticausal,0:00:15.637138
coil,instance,0.01,ccdr,causal,0:00:49.251777
digit1,instance,0.01,ccdr,anticausal,0:00:37.928579
wdbc,instance,0.01,ccdr,causal,0:00:03.629761
usps,instance,0.01,ccdr,causal,0:00:46.772181
waveform,instance,0.01,ccdr,causal,0:00:03.900324
segment,instance,0.01,ccdr,causal,0:00:02.934416
letter,instance,0.01,cam,anticausal,0:07:43.031897
iris,instance,0.01,sam,unkown,0:13:02.665996
krkp,instance,0.01,sam,unkown,2:09:04.432986
splice,instance,0.01,sam,unkown,3:28:00.070934
iris,instance,0.1,sam,unkown,0:01:36.923370
iris,pair,0.1,sam,unkown,0:01:36.427280
iris,sym,0.1,sam,unkown,0:01:31.686701
iris,instance,0.2,sam,unkown,0:01:35.381069
iris,pair,0.2,sam,unkown,0:01:36.875781
iris,sym,0.2,sam,unkown,0:01:36.205050
iris,instance,0.3,sam,unkown,0:01:36.207260
iris,pair,0.3,sam,unkown,0:01:33.346470
iris,sym,0.3,sam,unkown,0:01:34.964939
krkp,instance,0.1,sam,unkown,0:13:14.582458
krkp,pair,0.1,sam,unkown,0:13:13.536576
krkp,sym,0.1,sam,unkown,0:13:15.822505
krkp,instance,0.2,sam,unkown,0:13:26.980006
krkp,pair,0.2,sam,unkown,0:13:29.099729
krkp,sym,0.2,sam,unkown,0:13:23.580060
krkp,instance,0.3,sam,unkown,0:13:28.931239
krkp,pair,0.3,sam,unkown,0:13:29.520555
krkp,sym,0.3,sam,unkown,0:13:27.013286
krkp,instance,0.3,ccdr,unkown,0:00:04.427688
krkp,pair,0.3,ccdr,unkown,0:00:04.424245
krkp,sym,0.3,ccdr,unkown,0:00:03.969136
krkp,instance,0.01,ccdr,causal,0:00:04.248216
krkp,pair,0.01,ccdr,causal,0:00:03.953542
krkp,sym,0.01,ccdr,causal,0:00:04.215010
krkp,instance,0.1,ccdr,causal,0:00:04.255555
krkp,pair,0.1,ccdr,causal,0:00:04.105048
krkp,sym,0.1,ccdr,causal,0:00:04.268191
krkp,instance,0.2,ccdr,unkown,0:00:03.951491
krkp,pair,0.2,ccdr,unkown,0:00:03.806717
krkp,sym,0.2,ccdr,unkown,0:00:04.267049
splice,instance,0.01,sam,unkown,0:21:39.317172
splice,pair,0.01,sam,unkown,0:21:38.010614
splice,sym,0.01,sam,unkown,0:21:38.009874
splice,instance,0.1,sam,unkown,0:21:37.975945
splice,pair,0.1,sam,unkown,0:21:37.935140
splice,sym,0.1,sam,unkown,0:21:38.366528
splice,instance,0.2,sam,unkown,0:21:37.031448
splice,pair,0.2,sam,unkown,0:21:37.833016
letter,instance,0.1,sam,unkown,0:43:09.589658
letter,pair,0.1,sam,unkown,0:43:08.890698
letter,sym,0.1,sam,unkown,0:43:10.334524
letter,instance,0.2,sam,unkown,0:43:12.592818
letter,pair,0.2,sam,unkown,0:43:12.942655
letter,sym,0.2,sam,unkown,0:43:15.264817
letter,instance,0.3,sam,unkown,0:43:08.449302
letter,pair,0.3,sam,unkown,0:43:08.280250
letter,sym,0.3,sam,unkown,0:43:08.272781
coil,instance,0.1,sam,unkown,11:57:12.300365
wdbc,instance,0.1,sam,unkown,0:02:17.628344
wdbc,pair,0.1,sam,unkown,0:02:21.518524
wdbc,sym,0.1,sam,unkown,0:02:19.139550
wdbc,instance,0.2,sam,unkown,0:02:17.297741
wdbc,pair,0.2,sam,unkown,0:02:12.186518
wdbc,sym,0.2,sam,unkown,0:02:16.214777
wdbc,instance,0.3,sam,unkown,0:02:19.492222
wdbc,pair,0.3,sam,unkown,0:02:17.490079
wdbc,sym,0.3,sam,unkown,0:02:20.684452
waveform,instance,0.1,sam,unkown,0:04:10.496036
waveform,pair,0.1,sam,unkown,0:04:20.010257
waveform,sym,0.1,sam,unkown,0:04:11.191516
waveform,instance,0.2,sam,unkown,0:04:11.476818
waveform,pair,0.2,sam,unkown,0:04:12.820730
waveform,sym,0.2,sam,unkown,0:04:03.762478
waveform,instance,0.3,sam,unkown,0:03:57.710309
waveform,pair,0.3,sam,unkown,0:04:06.874232
waveform,sym,0.3,sam,unkown,0:04:00.666557
segment,instance,0.1,sam,unkown,0:01:59.871465
segment,pair,0.1,sam,unkown,0:02:06.075434
segment,sym,0.1,sam,unkown,0:02:07.171342
segment,instance,0.2,sam,unkown,0:02:03.516540
segment,pair,0.2,sam,unkown,0:01:59.644808
segment,sym,0.2,sam,unkown,0:02:14.581037
segment,instance,0.3,sam,unkown,0:02:04.983444
segment,pair,0.3,sam,unkown,0:02:02.862512
segment,sym,0.3,sam,unkown,0:01:59.861846
mushroom,instance,0.1,sam,unkown,0:05:24.040196
mushroom,pair,0.1,sam,unkown,0:05:31.610722
mushroom,sym,0.1,sam,unkown,0:05:16.670759
mushroom,instance,0.2,sam,unkown,0:05:25.924571
mushroom,pair,0.2,sam,unkown,0:05:27.090046
mushroom,sym,0.2,sam,unkown,0:05:24.762319
mushroom,instance,0.3,sam,unkown,0:05:32.431102
mushroom,pair,0.3,sam,unkown,0:05:22.904023
mushroom,sym,0.3,sam,unkown,0:05:26.209210
iris,instance,0.1,ccdr,anticausal,0:00:02.379701
iris,pair,0.1,ccdr,anticausal,0:00:02.265733
iris,sym,0.1,ccdr,anticausal,0:00:02.728878
iris,instance,0.2,ccdr,anticausal,0:00:02.282446
iris,pair,0.2,ccdr,causal,0:00:02.696402
iris,sym,0.2,ccdr,anticausal,0:00:02.507764
iris,instance,0.3,ccdr,causal,0:00:02.567289
iris,pair,0.3,ccdr,causal,0:00:02.310419
iris,sym,0.3,ccdr,anticausal,0:00:02.287264
krkp,instance,0.1,ccdr,causal,0:00:03.774360
krkp,pair,0.1,ccdr,causal,0:00:03.745553
krkp,sym,0.1,ccdr,causal,0:00:03.776703
krkp,instance,0.2,ccdr,unkown,0:00:03.733433
krkp,pair,0.2,ccdr,unkown,0:00:03.724719
krkp,sym,0.2,ccdr,unkown,0:00:03.772270
krkp,instance,0.3,ccdr,unkown,0:00:03.754237
krkp,pair,0.3,ccdr,unkown,0:00:03.659152
krkp,sym,0.3,ccdr,unkown,0:00:03.767399
splice,instance,0.1,ccdr,anticausal,0:00:04.698277
splice,pair,0.1,ccdr,anticausal,0:00:04.748231
splice,sym,0.1,ccdr,anticausal,0:00:05.278649
splice,instance,0.2,ccdr,anticausal,0:00:04.673281
splice,pair,0.2,ccdr,anticausal,0:00:05.608375
splice,sym,0.2,ccdr,anticausal,0:00:04.648151
splice,instance,0.3,ccdr,anticausal,0:00:04.781236
splice,pair,0.3,ccdr,anticausal,0:00:05.350248
splice,sym,0.3,ccdr,anticausal,0:00:05.376155
letter,instance,0.1,ccdr,unkown,0:00:05.835151
letter,pair,0.1,ccdr,anticausal,0:00:05.834352
letter,sym,0.1,ccdr,anticausal,0:00:05.734558
letter,instance,0.2,ccdr,causal,0:00:05.765028
letter,pair,0.2,ccdr,anticausal,0:00:05.649532
letter,sym,0.2,ccdr,unkown,0:00:05.741242
letter,instance,0.3,ccdr,causal,0:00:05.820711
letter,pair,0.3,ccdr,causal,0:00:05.680802
letter,sym,0.3,ccdr,anticausal,0:00:05.769628
coil,instance,0.1,ccdr,causal,0:00:45.592137
coil,pair,0.1,ccdr,causal,0:00:47.967431
coil,sym,0.1,ccdr,causal,0:00:45.459578
coil,instance,0.2,ccdr,unkown,0:00:42.064719
coil,pair,0.2,ccdr,causal,0:00:45.834476
coil,sym,0.2,ccdr,causal,0:00:45.259336
coil,instance,0.3,ccdr,unkown,0:00:45.112682
coil,pair,0.3,ccdr,causal,0:00:41.139608
coil,sym,0.3,ccdr,causal,0:00:45.325288
digit1,instance,0.1,ccdr,anticausal,0:00:34.041593
digit1,pair,0.1,ccdr,anticausal,0:00:31.989382
digit1,sym,0.1,ccdr,anticausal,0:00:32.248416
digit1,instance,0.2,ccdr,anticausal,0:00:34.574966
digit1,pair,0.2,ccdr,anticausal,0:00:34.184672
digit1,sym,0.2,ccdr,anticausal,0:00:36.018247
digit1,instance,0.3,ccdr,anticausal,0:00:34.271610
digit1,pair,0.3,ccdr,anticausal,0:00:35.645006
digit1,sym,0.3,ccdr,anticausal,0:00:34.474729
wdbc,instance,0.1,ccdr,causal,0:00:03.360546
wdbc,pair,0.1,ccdr,causal,0:00:03.370648
wdbc,sym,0.1,ccdr,causal,0:00:03.399534
wdbc,instance,0.2,ccdr,causal,0:00:03.763792
wdbc,pair,0.2,ccdr,causal,0:00:03.422576
wdbc,sym,0.2,ccdr,causal,0:00:03.398140
wdbc,instance,0.3,ccdr,causal,0:00:03.436730
wdbc,pair,0.3,ccdr,causal,0:00:03.854151
wdbc,sym,0.3,ccdr,causal,0:00:03.558533
usps,instance,0.1,ccdr,causal,0:00:43.397105
usps,pair,0.1,ccdr,causal,0:00:42.794706
usps,sym,0.1,ccdr,causal,0:00:43.156564
usps,instance,0.2,ccdr,causal,0:00:42.476772
usps,pair,0.2,ccdr,causal,0:00:43.086625
usps,sym,0.2,ccdr,causal,0:00:43.159698
usps,instance,0.3,ccdr,causal,0:00:42.637827
usps,pair,0.3,ccdr,causal,0:00:42.820469
usps,sym,0.3,ccdr,causal,0:00:42.687899
waveform,instance,0.1,ccdr,causal,0:00:03.738203
waveform,pair,0.1,ccdr,causal,0:00:04.233858
waveform,sym,0.1,ccdr,causal,0:00:03.573156
waveform,instance,0.2,ccdr,causal,0:00:03.592262
waveform,pair,0.2,ccdr,anticausal,0:00:03.727290
waveform,sym,0.2,ccdr,anticausal,0:00:04.182322
waveform,instance,0.3,ccdr,causal,0:00:03.655434
waveform,pair,0.3,ccdr,causal,0:00:03.703059
waveform,sym,0.3,ccdr,causal,0:00:03.632306
segment,instance,0.1,ccdr,causal,0:00:02.719919
segment,pair,0.1,ccdr,anticausal,0:00:02.741596
segment,sym,0.1,ccdr,anticausal,0:00:02.743465
segment,instance,0.2,ccdr,anticausal,0:00:02.735143
segment,pair,0.2,ccdr,anticausal,0:00:02.760147
segment,sym,0.2,ccdr,anticausal,0:00:03.040991
segment,instance,0.3,ccdr,anticausal,0:00:02.753722
segment,pair,0.3,ccdr,anticausal,0:00:02.670129
segment,sym,0.3,ccdr,anticausal,0:00:02.700074
secstr,instance,0.1,ccdr,causal,0:00:13.058907
secstr,pair,0.1,ccdr,anticausal,0:00:13.759125
secstr,sym,0.1,ccdr,anticausal,0:00:12.889202
secstr,instance,0.2,ccdr,causal,0:00:13.769713
secstr,pair,0.2,ccdr,causal,0:00:13.393629
secstr,sym,0.2,ccdr,causal,0:00:13.386223
secstr,instance,0.3,ccdr,causal,0:00:13.522136
secstr,pair,0.3,ccdr,causal,0:00:12.900217
secstr,sym,0.3,ccdr,causal,0:00:13.770301
g241c,instance,0.1,ccdr,anticausal,0:00:13.522260
g241c,pair,0.1,ccdr,anticausal,0:00:13.994773
g241c,sym,0.1,ccdr,anticausal,0:00:13.574537
g241c,instance,0.2,ccdr,anticausal,0:00:13.515840
g241c,pair,0.2,ccdr,anticausal,0:00:14.095151
g241c,sym,0.2,ccdr,causal,0:00:13.426490
g241c,instance,0.3,ccdr,anticausal,0:00:13.424685
g241c,pair,0.3,ccdr,anticausal,0:00:13.322309
g241c,sym,0.3,ccdr,anticausal,0:00:13.472561
krkp,sym,0.01,icd,anticausal,
krkp,sym,0.01,rai,anticausal,
krkp,sym,0.01,ci,anticausal,
waveform,sym,0.01,fci,anticausal,
waveform,sym,0.01,fci,anticausal,
waveform,instance,0.01,fci,anticausal,
waveform,pair,0.01,fci,anticausal,
waveform,sym,0.1,fci,anticausal,
waveform,instance,0.1,fci,anticausal,
waveform,pair,0.1,fci,anticausal,
waveform,sym,0.2,fci,anticausal,
waveform,pair,0.2,fci,anticausal,
waveform,sym,0.3,fci,anticausal,
waveform,instance,0.3,fci,anticausal,
waveform,pair,0.3,fci,anticausal,
splice,sym,0.01,fci,anticausal,
splice,instance,0.01,fci,anticausal,
splice,pair,0.01,fci,anticausal,
splice,sym,0.1,fci,anticausal,
splice,instance,0.1,fci,anticausal,
splice,pair,0.1,fci,anticausal,
splice,sym,0.2,fci,anticausal,
splice,instance,0.2,fci,anticausal,
splice,pair,0.2,fci,anticausal,
splice,sym,0.3,fci,anticausal,
splice,instance,0.3,fci,anticausal,
splice,pair,0.3,fci,anticausal,
secstr,sym,0.01,fci,anticausal,
secstr,instance,0.01,fci,anticausal,
secstr,pair,0.01,fci,anticausal,
secstr,sym,0.1,fci,anticausal,
secstr,instance,0.1,fci,anticausal,
secstr,pair,0.1,fci,anticausal,
secstr,sym,0.2,fci,anticausal,
secstr,instance,0.2,fci,anticausal,
secstr,pair,0.2,fci,anticausal,
secstr,sym,0.3,fci,anticausal,
secstr,instance,0.3,fci,anticausal,
secstr,pair,0.3,fci,anticausal,
letter,sym,0.01,fci,anticausal,
letter,instance,0.01,fci,anticausal,
letter,pair,0.01,fci,anticausal,
letter,sym,0.1,fci,anticausal,
letter,instance,0.1,fci,anticausal,
letter,pair,0.1,fci,anticausal,
letter,sym,0.2,fci,anticausal,
letter,instance,0.2,fci,anticausal,
letter,pair,0.2,fci,anticausal,
letter,sym,0.3,fci,anticausal,
letter,instance,0.3,fci,anticausal,
letter,pair,0.3,fci,anticausal,
g241c,sym,0.01,fci,anticausal,
g241c,sym,0.1,fci,anticausal,
g241c,instance,0.1,fci,anticausal,
g241c,pair,0.1,fci,anticausal,
g241c,sym,0.2,fci,anticausal,
g241c,instance,0.2,fci,anticausal,
g241c,pair,0.2,fci,anticausal,
g241c,sym,0.3,fci,anticausal,
g241c,instance,0.3,fci,anticausal,
g241c,pair,0.3,fci,anticausal,
coil,sym,0.01,fci,anticausal,
coil,instance,0.01,fci,anticausal,
coil,pair,0.01,fci,anticausal,
coil,sym,0.1,fci,anticausal,
coil,instance,0.1,fci,anticausal,
coil,pair,0.1,fci,anticausal,
coil,sym,0.2,fci,anticausal,
coil,instance,0.2,fci,anticausal,
coil,pair,0.2,fci,anticausal,
coil,sym,0.3,fci,anticausal,
coil,instance,0.3,fci,unkown,
coil,pair,0.3,fci,anticausal,
digit1,sym,0.01,fci,anticausal,
digit1,instance,0.01,fci,anticausal,
digit1,pair,0.01,fci,anticausal,
digit1,sym,0.1,fci,anticausal,
digit1,instance,0.1,fci,anticausal,
digit1,pair,0.1,fci,anticausal,
digit1,sym,0.2,fci,anticausal,
digit1,instance,0.2,fci,anticausal,
digit1,pair,0.2,fci,anticausal,
digit1,sym,0.3,fci,anticausal,
digit1,instance,0.3,fci,anticausal,
digit1,pair,0.3,fci,anticausal,
wdbc,sym,0.01,fci,anticausal,
wdbc,instance,0.01,fci,anticausal,
wdbc,pair,0.01,fci,anticausal,
wdbc,sym,0.1,fci,anticausal,
wdbc,instance,0.1,fci,anticausal,
wdbc,pair,0.1,fci,anticausal,
wdbc,sym,0.2,fci,unkown,
wdbc,instance,0.2,fci,unkown,
wdbc,pair,0.2,fci,unkown,
wdbc,sym,0.3,fci,unkown,
wdbc,instance,0.3,fci,unkown,
wdbc,pair,0.3,fci,unkown,
usps,sym,0.01,fci,anticausal,
usps,instance,0.01,fci,anticausal,
usps,pair,0.01,fci,anticausal,
usps,sym,0.1,fci,anticausal,
usps,instance,0.1,fci,anticausal,
usps,pair,0.1,fci,anticausal,
usps,sym,0.2,fci,anticausal,
usps,instance,0.2,fci,anticausal,
usps,pair,0.2,fci,anticausal,
usps,sym,0.3,fci,anticausal,
usps,instance,0.3,fci,unkown,
usps,pair,0.3,fci,anticausal,
xyguassian,sym,0.01,fci,anticausal,
xyguassian,instance,0.01,fci,anticausal,
xyguassian,pair,0.01,fci,anticausal,
xyguassian,sym,0.1,fci,anticausal,
xyguassian,instance,0.1,fci,anticausal,
xyguassian,pair,0.1,fci,anticausal,
xyguassian,sym,0.2,fci,anticausal,
xyguassian,instance,0.2,fci,anticausal,
xyguassian,pair,0.2,fci,anticausal,
xyguassian,sym,0.3,fci,anticausal,
xyguassian,instance,0.3,fci,anticausal,
xyguassian,pair,0.3,fci,anticausal,
yxguassian,sym,0.01,fci,anticausal,
yxguassian,instance,0.01,fci,anticausal,
yxguassian,pair,0.01,fci,anticausal,
yxguassian,sym,0.1,fci,anticausal,
yxguassian,instance,0.1,fci,anticausal,
yxguassian,pair,0.1,fci,anticausal,
yxguassian,sym,0.2,fci,anticausal,
yxguassian,instance,0.2,fci,anticausal,
yxguassian,pair,0.2,fci,anticausal,
yxguassian,sym,0.3,fci,anticausal,
yxguassian,instance,0.3,fci,anticausal,
yxguassian,pair,0.3,fci,anticausal,
waveform,sym,0.01,fci,anticausal,
waveform,instance,0.01,fci,anticausal,
waveform,pair,0.01,fci,anticausal,
waveform,sym,0.1,fci,anticausal,
waveform,instance,0.1,fci,anticausal,
waveform,pair,0.1,fci,anticausal,
waveform,sym,0.2,fci,anticausal,
waveform,instance,0.2,fci,anticausal,
waveform,pair,0.2,fci,anticausal,
waveform,sym,0.3,fci,anticausal,
waveform,instance,0.3,fci,anticausal,
waveform,pair,0.3,fci,anticausal,
iris,instance,0.01,pc,anticausal,
iris,instance,0.01,ges,anticausal,
iris,instance,0.01,gies,anticausal,
iris,instance,0.01,lingam,unkown,
iris,pair,0.01,pc,anticausal,
iris,pair,0.01,ges,anticausal,
iris,pair,0.01,gies,anticausal,
iris,pair,0.01,lingam,unkown,
iris,sym,0.01,pc,anticausal,
iris,sym,0.01,ges,anticausal,
iris,sym,0.01,gies,anticausal,
iris,sym,0.01,lingam,unkown,
iris,instance,0.2,pc,anticausal,
iris,instance,0.2,ges,causal,
iris,instance,0.2,gies,causal,
iris,instance,0.2,lingam,unkown,
iris,pair,0.2,pc,unkown,
iris,pair,0.2,ges,causal,
iris,pair,0.2,gies,causal,
iris,pair,0.2,lingam,unkown,
iris,sym,0.2,pc,causal,
iris,sym,0.2,ges,causal,
iris,sym,0.2,gies,causal,
iris,sym,0.2,lingam,unkown,
iris,instance,0.4,pc,unkown,
iris,instance,0.4,ges,causal,
iris,instance,0.4,gies,causal,
iris,instance,0.4,lingam,unkown,
iris,pair,0.4,pc,anticausal,
iris,pair,0.4,ges,causal,
iris,pair,0.4,gies,causal,
iris,pair,0.4,lingam,unkown,
iris,sym,0.4,pc,unkown,
iris,sym,0.4,ges,causal,
iris,sym,0.4,gies,causal,
iris,sym,0.4,lingam,unkown,
krkp,instance,0.01,pc,anticausal,
krkp,instance,0.01,ges,anticausal,
krkp,instance,0.01,gies,anticausal,
krkp,instance,0.01,lingam,unkown,
krkp,pair,0.01,pc,causal,
krkp,pair,0.01,ges,anticausal,
krkp,pair,0.01,gies,anticausal,
krkp,pair,0.01,lingam,unkown,
krkp,sym,0.01,pc,causal,
krkp,sym,0.01,ges,anticausal,
krkp,sym,0.01,gies,anticausal,
krkp,sym,0.01,lingam,unkown,
krkp,instance,0.2,pc,anticausal,
krkp,instance,0.2,ges,anticausal,
krkp,instance,0.2,gies,anticausal,
krkp,instance,0.2,lingam,unkown,
krkp,pair,0.2,pc,anticausal,
krkp,pair,0.2,ges,anticausal,
krkp,pair,0.2,gies,anticausal,
krkp,pair,0.2,lingam,unkown,
krkp,sym,0.2,pc,anticausal,
krkp,sym,0.2,ges,anticausal,
krkp,sym,0.2,gies,anticausal,
krkp,sym,0.2,lingam,unkown,
krkp,instance,0.4,pc,anticausal,
krkp,instance,0.4,ges,causal,
krkp,instance,0.4,gies,causal,
krkp,instance,0.4,lingam,unkown,
krkp,pair,0.4,pc,anticausal,
krkp,pair,0.4,ges,anticausal,
krkp,pair,0.4,gies,anticausal,
krkp,pair,0.4,lingam,unkown,
krkp,sym,0.4,pc,anticausal,
krkp,sym,0.4,ges,anticausal,
krkp,sym,0.4,gies,anticausal,
krkp,sym,0.4,lingam,unkown,
mushroom,instance,0.01,pc,causal,
mushroom,instance,0.01,ges,anticausal,
mushroom,instance,0.01,gies,anticausal,
mushroom,pair,0.01,pc,causal,
mushroom,pair,0.01,ges,anticausal,
mushroom,pair,0.01,gies,anticausal,
mushroom,sym,0.01,pc,causal,
mushroom,sym,0.01,ges,anticausal,
mushroom,sym,0.01,gies,anticausal,
mushroom,instance,0.2,pc,anticausal,
mushroom,instance,0.2,ges,anticausal,
mushroom,instance,0.2,gies,anticausal,
mushroom,pair,0.2,pc,anticausal,
mushroom,pair,0.2,ges,anticausal,
mushroom,pair,0.2,gies,anticausal,
mushroom,sym,0.2,pc,anticausal,
mushroom,sym,0.2,ges,anticausal,
mushroom,sym,0.2,gies,anticausal,
mushroom,instance,0.4,pc,unkown,
mushroom,instance,0.4,ges,anticausal,
mushroom,instance,0.4,gies,anticausal,
mushroom,pair,0.4,pc,anticausal,
mushroom,pair,0.4,ges,anticausal,
mushroom,pair,0.4,gies,anticausal,
mushroom,sym,0.4,pc,anticausal,
mushroom,sym,0.4,ges,anticausal,
mushroom,sym,0.4,gies,anticausal,
splice,instance,0.01,pc,anticausal,
splice,instance,0.01,ges,anticausal,
splice,instance,0.01,gies,anticausal,
splice,instance,0.01,lingam,unkown,
splice,pair,0.01,pc,anticausal,
splice,pair,0.01,ges,anticausal,
splice,pair,0.01,gies,anticausal,
splice,pair,0.01,lingam,unkown,
splice,sym,0.01,pc,anticausal,
splice,sym,0.01,ges,anticausal,
splice,sym,0.01,gies,anticausal,
splice,sym,0.01,lingam,unkown,
splice,instance,0.2,pc,anticausal,
splice,instance,0.2,ges,anticausal,
splice,instance,0.2,gies,anticausal,
splice,instance,0.2,lingam,unkown,
splice,pair,0.2,pc,anticausal,
splice,pair,0.2,ges,anticausal,
splice,pair,0.2,gies,anticausal,
splice,pair,0.2,lingam,unkown,
splice,sym,0.2,pc,anticausal,
splice,sym,0.2,ges,anticausal,
splice,sym,0.2,gies,anticausal,
splice,sym,0.2,lingam,unkown,
splice,instance,0.4,pc,anticausal,
splice,instance,0.4,ges,anticausal,
splice,instance,0.4,gies,anticausal,
splice,instance,0.4,lingam,unkown,
splice,pair,0.4,pc,anticausal,
splice,pair,0.4,ges,anticausal,
splice,pair,0.4,gies,anticausal,
splice,pair,0.4,lingam,unkown,
splice,sym,0.4,pc,anticausal,
splice,sym,0.4,ges,anticausal,
splice,sym,0.4,gies,anticausal,
splice,sym,0.4,lingam,unkown,
waveform,instance,0.01,pc,anticausal,
waveform,instance,0.01,ges,causal,
waveform,instance,0.01,gies,causal,
waveform,instance,0.01,lingam,unkown,
waveform,pair,0.01,pc,anticausal,
waveform,pair,0.01,ges,anticausal,
waveform,pair,0.01,gies,anticausal,
waveform,pair,0.01,lingam,unkown,
waveform,sym,0.01,pc,anticausal,
waveform,sym,0.01,ges,anticausal,
waveform,sym,0.01,gies,anticausal,
waveform,sym,0.01,lingam,unkown,
waveform,instance,0.2,pc,anticausal,
waveform,instance,0.2,ges,causal,
waveform,instance,0.2,gies,causal,
waveform,instance,0.2,lingam,unkown,
waveform,pair,0.2,pc,anticausal,
waveform,pair,0.2,ges,causal,
waveform,pair,0.2,gies,causal,
waveform,pair,0.2,lingam,unkown,
waveform,sym,0.2,pc,anticausal,
waveform,sym,0.2,ges,anticausal,
waveform,sym,0.2,gies,anticausal,
waveform,sym,0.2,lingam,unkown,
waveform,instance,0.4,pc,anticausal,
waveform,instance,0.4,ges,causal,
waveform,instance,0.4,gies,causal,
waveform,instance,0.4,lingam,unkown,
waveform,pair,0.4,pc,anticausal,
waveform,pair,0.4,ges,causal,
waveform,pair,0.4,gies,causal,
waveform,pair,0.4,lingam,unkown,
waveform,sym,0.4,pc,anticausal,
waveform,sym,0.4,ges,causal,
waveform,sym,0.4,gies,causal,
waveform,sym,0.4,lingam,unkown,
secstr,instance,0.01,pc,anticausal,
secstr,instance,0.01,ges,anticausal,
secstr,instance,0.01,gies,anticausal,
secstr,instance,0.01,lingam,unkown,
secstr,pair,0.01,pc,anticausal,
secstr,pair,0.01,ges,anticausal,
secstr,pair,0.01,gies,anticausal,
secstr,pair,0.01,lingam,unkown,
secstr,sym,0.01,pc,anticausal,
secstr,sym,0.01,ges,anticausal,
secstr,sym,0.01,gies,anticausal,
secstr,sym,0.01,lingam,unkown,
secstr,instance,0.2,pc,anticausal,
secstr,instance,0.2,ges,causal,
secstr,instance,0.2,gies,causal,
secstr,instance,0.2,lingam,unkown,
secstr,pair,0.2,pc,anticausal,
secstr,pair,0.2,ges,anticausal,
secstr,pair,0.2,gies,anticausal,
secstr,pair,0.2,lingam,unkown,
secstr,sym,0.2,pc,anticausal,
secstr,sym,0.2,ges,anticausal,
secstr,sym,0.2,gies,anticausal,
secstr,sym,0.2,lingam,unkown,
secstr,instance,0.4,pc,anticausal,
secstr,instance,0.4,ges,anticausal,
secstr,instance,0.4,gies,anticausal,
secstr,instance,0.4,lingam,unkown,
secstr,pair,0.4,pc,anticausal,
secstr,pair,0.4,ges,causal,
secstr,pair,0.4,gies,causal,
secstr,pair,0.4,lingam,unkown,
secstr,sym,0.4,pc,anticausal,
secstr,sym,0.4,ges,causal,
secstr,sym,0.4,gies,causal,
secstr,sym,0.4,lingam,unkown,
letter,instance,0.01,pc,anticausal,
letter,instance,0.01,ges,anticausal,
letter,instance,0.01,gies,anticausal,
letter,instance,0.01,lingam,unkown,
letter,instance,0.01,cam,anticausal,
letter,pair,0.01,pc,causal,
letter,pair,0.01,ges,anticausal,
letter,pair,0.01,gies,anticausal,
letter,pair,0.01,lingam,unkown,
letter,pair,0.01,cam,anticausal,
letter,sym,0.01,pc,anticausal,
letter,sym,0.01,ges,anticausal,
letter,sym,0.01,gies,anticausal,
letter,sym,0.01,lingam,unkown,
letter,sym,0.01,cam,anticausal,
letter,instance,0.2,pc,anticausal,
letter,instance,0.2,ges,anticausal,
letter,instance,0.2,gies,anticausal,
letter,instance,0.2,lingam,unkown,
letter,instance,0.2,cam,anticausal,
letter,pair,0.2,pc,anticausal,
letter,pair,0.2,ges,anticausal,
letter,pair,0.2,gies,anticausal,
letter,pair,0.2,lingam,unkown,
letter,pair,0.2,cam,anticausal,
letter,sym,0.2,pc,anticausal,
letter,sym,0.2,ges,anticausal,
letter,sym,0.2,gies,anticausal,
letter,sym,0.2,lingam,unkown,
letter,sym,0.2,cam,anticausal,
letter,instance,0.4,pc,anticausal,
letter,instance,0.4,ges,anticausal,
letter,instance,0.4,gies,anticausal,
letter,instance,0.4,lingam,unkown,
letter,instance,0.4,cam,anticausal,
letter,pair,0.4,pc,causal,
letter,pair,0.4,ges,anticausal,
letter,pair,0.4,gies,anticausal,
letter,pair,0.4,lingam,unkown,
letter,pair,0.4,cam,anticausal,
letter,sym,0.4,pc,anticausal,
letter,sym,0.4,ges,anticausal,
letter,sym,0.4,gies,anticausal,
letter,sym,0.4,lingam,unkown,
letter,sym,0.4,cam,anticausal,
segment,instance,0.01,pc,anticausal,
segment,instance,0.01,ges,anticausal,
segment,instance,0.01,gies,anticausal,
segment,pair,0.01,pc,anticausal,
segment,pair,0.01,ges,anticausal,
segment,pair,0.01,gies,anticausal,
segment,instance,0.2,pc,anticausal,
segment,instance,0.2,ges,anticausal,
segment,instance,0.2,gies,anticausal,
segment,pair,0.2,pc,anticausal,
segment,pair,0.2,ges,anticausal,
segment,pair,0.2,gies,anticausal,
segment,sym,0.2,pc,anticausal,
segment,sym,0.2,ges,anticausal,
segment,sym,0.2,gies,anticausal,
segment,instance,0.4,pc,anticausal,
segment,instance,0.4,ges,anticausal,
segment,instance,0.4,gies,anticausal,
segment,pair,0.4,pc,anticausal,
segment,pair,0.4,ges,anticausal,
segment,pair,0.4,gies,anticausal,
segment,sym,0.4,pc,anticausal,
segment,sym,0.4,ges,anticausal,
segment,sym,0.4,gies,anticausal,
breastcancer,instance,0.01,pc,anticausal,
breastcancer,instance,0.01,ges,anticausal,
breastcancer,instance,0.01,gies,anticausal,
breastcancer,instance,0.01,lingam,unkown,
breastcancer,pair,0.01,pc,anticausal,
breastcancer,pair,0.01,ges,anticausal,
breastcancer,pair,0.01,gies,anticausal,
breastcancer,pair,0.01,lingam,unkown,
breastcancer,sym,0.01,pc,anticausal,
breastcancer,sym,0.01,ges,anticausal,
breastcancer,sym,0.01,gies,anticausal,
breastcancer,sym,0.01,lingam,unkown,
breastcancer,instance,0.2,pc,anticausal,
breastcancer,instance,0.2,ges,anticausal,
breastcancer,instance,0.2,gies,anticausal,
breastcancer,instance,0.2,lingam,unkown,
breastcancer,pair,0.2,pc,anticausal,
breastcancer,pair,0.2,ges,anticausal,
breastcancer,pair,0.2,gies,anticausal,
breastcancer,pair,0.2,lingam,unkown,
breastcancer,sym,0.2,pc,anticausal,
breastcancer,sym,0.2,ges,anticausal,
breastcancer,sym,0.2,gies,anticausal,
breastcancer,sym,0.2,lingam,unkown,
breastcancer,instance,0.4,pc,unkown,
breastcancer,instance,0.4,ges,unkown,
breastcancer,instance,0.4,gies,unkown,
breastcancer,instance,0.4,lingam,unkown,
breastcancer,pair,0.4,pc,unkown,
breastcancer,pair,0.4,ges,anticausal,
breastcancer,pair,0.4,gies,anticausal,
breastcancer,pair,0.4,lingam,unkown,
breastcancer,sym,0.4,pc,unkown,
breastcancer,sym,0.4,ges,anticausal,
breastcancer,sym,0.4,gies,anticausal,
breastcancer,sym,0.4,lingam,unkown,
g241c,instance,0.01,pc,anticausal,
g241c,instance,0.01,ges,anticausal,
g241c,instance,0.01,gies,anticausal,
g241c,instance,0.01,lingam,unkown,
g241c,pair,0.01,pc,anticausal,
g241c,pair,0.01,ges,anticausal,
g241c,pair,0.01,gies,anticausal,
g241c,pair,0.01,lingam,unkown,
g241c,sym,0.01,pc,anticausal,
g241c,sym,0.01,ges,anticausal,
g241c,sym,0.01,gies,anticausal,
g241c,sym,0.01,lingam,unkown,
g241c,instance,0.2,pc,unkown,
g241c,instance,0.2,ges,anticausal,
g241c,instance,0.2,gies,anticausal,
g241c,instance,0.2,lingam,unkown,
g241c,pair,0.2,pc,anticausal,
g241c,pair,0.2,ges,anticausal,
g241c,pair,0.2,gies,anticausal,
g241c,pair,0.2,lingam,unkown,
g241c,sym,0.2,pc,anticausal,
g241c,sym,0.2,ges,causal,
g241c,sym,0.2,gies,causal,
iris,pair,0.01,fci,anticausal,
iris,pair,0.01,icd,anticausal,
iris,instance,0.01,fci,anticausal,
iris,instance,0.01,icd,anticausal,
iris,instance,0.01,rai,anticausal,
iris,instance,0.01,ci,anticausal,
iris,pair,0.01,fci,anticausal,
iris,pair,0.01,icd,anticausal,
iris,pair,0.01,rai,anticausal,
iris,pair,0.01,ci,anticausal,
iris,sym,0.01,fci,anticausal,
iris,sym,0.01,icd,anticausal,
iris,sym,0.01,rai,anticausal,
iris,sym,0.01,ci,anticausal,
iris,instance,0.1,fci,unkown,
iris,instance,0.1,icd,unkown,
iris,instance,0.1,rai,anticausal,
iris,instance,0.1,ci,anticausal,
iris,pair,0.1,fci,anticausal,
iris,pair,0.1,icd,anticausal,
iris,pair,0.1,rai,anticausal,
iris,pair,0.1,ci,anticausal,
iris,sym,0.1,fci,anticausal,
iris,sym,0.1,icd,anticausal,
iris,sym,0.1,rai,anticausal,
iris,sym,0.1,ci,anticausal,
iris,instance,0.2,fci,anticausal,
iris,instance,0.2,icd,anticausal,
iris,instance,0.2,rai,anticausal,
iris,instance,0.2,ci,anticausal,
iris,pair,0.2,fci,unkown,
iris,pair,0.2,icd,unkown,
iris,pair,0.2,rai,anticausal,
iris,pair,0.2,ci,anticausal,
iris,sym,0.2,fci,anticausal,
iris,sym,0.2,icd,anticausal,
iris,sym,0.2,rai,anticausal,
iris,sym,0.2,ci,anticausal,
iris,instance,0.3,fci,unkown,
iris,instance,0.3,icd,unkown,
iris,instance,0.3,rai,anticausal,
iris,instance,0.3,ci,anticausal,
iris,pair,0.3,fci,unkown,
iris,pair,0.3,icd,unkown,
iris,pair,0.3,rai,anticausal,
iris,pair,0.3,ci,anticausal,
iris,sym,0.3,fci,unkown,
iris,sym,0.3,icd,unkown,
iris,sym,0.3,rai,anticausal,
iris,sym,0.3,ci,anticausal,
xyguassian,sym,0.1,fci,anticausal,0:00:00.035887
xyguassian,sym,0.1,icd,anticausal,0:00:00.043867
xyguassian,sym,0.1,rai,causal,0:00:01.385520
xyguassian,sym,0.1,score,unkown,0:36:09.911941
xyguassian,sym,0.1,pc,causal,0:00:09.910095
xyguassian,sym,0.1,ges,causal,0:00:03.491388
xyguassian,sym,0.1,lingam,unkown,0:00:04.131538
xyguassian,sym,0.1,gies,causal,0:00:03.543570
xyguassian,sym,0.1,ccdr,causal,0:00:04.048743
xyguassian,pair,0.1,fci,anticausal,0:00:00.032087
xyguassian,pair,0.1,icd,anticausal,0:00:00.042964
xyguassian,pair,0.1,rai,causal,0:00:01.403707
xyguassian,pair,0.1,score,unkown,0:36:22.842557
xyguassian,pair,0.1,pc,causal,0:00:09.727955
xyguassian,pair,0.1,ges,causal,0:00:03.624301
xyguassian,pair,0.1,lingam,unkown,0:00:04.250334
xyguassian,pair,0.1,gies,causal,0:00:03.646917
xyguassian,pair,0.1,ccdr,causal,0:00:04.033940
xyguassian,sym,0.2,fci,anticausal,0:00:00.031361
xyguassian,sym,0.2,icd,anticausal,0:00:00.043362
xyguassian,sym,0.2,rai,causal,0:00:01.652819
xyguassian,sym,0.2,pc,anticausal,0:00:09.980442
xyguassian,sym,0.2,ges,causal,0:00:03.533122
xyguassian,sym,0.2,lingam,unkown,0:00:04.200470
xyguassian,sym,0.2,gies,causal,0:00:03.407704
xyguassian,sym,0.2,ccdr,causal,0:00:03.918897
xyguassian,pair,0.2,fci,anticausal,0:00:00.034169
xyguassian,pair,0.2,icd,anticausal,0:00:00.045189
xyguassian,pair,0.2,rai,causal,0:00:01.957456
xyguassian,pair,0.2,pc,anticausal,0:00:09.706625
xyguassian,pair,0.2,ges,causal,0:00:03.550335
xyguassian,pair,0.2,lingam,unkown,0:00:04.220111
xyguassian,pair,0.2,gies,causal,0:00:03.592250
xyguassian,pair,0.2,ccdr,causal,0:00:03.937967
xyguassian,sym,0.3,fci,anticausal,0:00:00.032250
xyguassian,sym,0.3,icd,anticausal,0:00:00.053703
xyguassian,sym,0.3,rai,causal,0:00:01.242886
xyguassian,sym,0.3,pc,anticausal,0:00:09.624722
xyguassian,sym,0.3,ges,anticausal,0:00:03.455842
xyguassian,sym,0.3,lingam,unkown,0:00:03.871053
xyguassian,sym,0.3,gies,anticausal,0:00:03.562788
xyguassian,sym,0.3,ccdr,causal,0:00:04.090173
xyguassian,pair,0.3,fci,anticausal,0:00:00.033461
xyguassian,pair,0.3,icd,anticausal,0:00:00.042686
xyguassian,pair,0.3,rai,causal,0:00:01.228455
xyguassian,pair,0.3,pc,anticausal,0:00:09.550821
xyguassian,pair,0.3,ges,anticausal,0:00:03.529721
xyguassian,pair,0.3,lingam,unkown,0:00:04.245430
xyguassian,pair,0.3,gies,anticausal,0:00:03.466602
xyguassian,pair,0.3,ccdr,causal,0:00:03.989625
